player_id,player,team_id,team,ASSISTS_mean,ASSISTS_std,BALL_LOSS_ADDED_OPPONENTS_DEFENDERS_mean,BALL_LOSS_ADDED_OPPONENTS_DEFENDERS_std,BALL_LOSS_ADDED_OPPONENTS_mean,BALL_LOSS_ADDED_OPPONENTS_std,BALL_LOSS_NUMBER_mean,BALL_LOSS_NUMBER_std,BALL_LOSS_REMOVED_TEAMMATES_DEFENDERS_mean,BALL_LOSS_REMOVED_TEAMMATES_DEFENDERS_std,BALL_LOSS_REMOVED_TEAMMATES_mean,BALL_LOSS_REMOVED_TEAMMATES_std,BALL_WIN_ADDED_TEAMMATES_DEFENDERS_mean,BALL_WIN_ADDED_TEAMMATES_DEFENDERS_std,BALL_WIN_ADDED_TEAMMATES_mean,BALL_WIN_ADDED_TEAMMATES_std,BALL_WIN_NUMBER_mean,BALL_WIN_NUMBER_std,BALL_WIN_REMOVED_OPPONENTS_DEFENDERS_mean,BALL_WIN_REMOVED_OPPONENTS_DEFENDERS_std,BALL_WIN_REMOVED_OPPONENTS_mean,BALL_WIN_REMOVED_OPPONENTS_std,BYPASSED_DEFENDERS_BY_ACTION_SECOND_BALL_mean,BYPASSED_DEFENDERS_BY_ACTION_SECOND_BALL_std,BYPASSED_DEFENDERS_RECEIVING_mean,BYPASSED_DEFENDERS_RECEIVING_std,BYPASSED_DEFENDERS_WO_VERIFICATION_mean,BYPASSED_DEFENDERS_WO_VERIFICATION_std,BYPASSED_DEFENDERS_mean,BYPASSED_DEFENDERS_std,BYPASSED_OPPONENTS_BY_ACTION_SECOND_BALL_mean,BYPASSED_OPPONENTS_BY_ACTION_SECOND_BALL_std,BYPASSED_OPPONENTS_DEFENDERS_RAW_mean,BYPASSED_OPPONENTS_DEFENDERS_RAW_std,BYPASSED_OPPONENTS_MIDFIELD_mean,BYPASSED_OPPONENTS_MIDFIELD_std,BYPASSED_OPPONENTS_NUMBER_mean,BYPASSED_OPPONENTS_NUMBER_std,BYPASSED_OPPONENTS_RAW_mean,BYPASSED_OPPONENTS_RAW_std,BYPASSED_OPPONENTS_RECEIVING_DUETO_VERIFICATION_mean,BYPASSED_OPPONENTS_RECEIVING_DUETO_VERIFICATION_std,BYPASSED_OPPONENTS_RECEIVING_NUMBER_mean,BYPASSED_OPPONENTS_RECEIVING_NUMBER_std,BYPASSED_OPPONENTS_RECEIVING_mean,BYPASSED_OPPONENTS_RECEIVING_std,BYPASSED_OPPONENTS_WO_VERIFICATION_mean,BYPASSED_OPPONENTS_WO_VERIFICATION_std,BYPASSED_OPPONENTS_mean,BYPASSED_OPPONENTS_std,CRITICAL_BALL_LOSS_NUMBER_mean,CRITICAL_BALL_LOSS_NUMBER_std,DEFENSIVE_TOUCHES_mean,DEFENSIVE_TOUCHES_std,DEF_PXT_ACTIVE_mean,DEF_PXT_ACTIVE_std,DEF_PXT_ATTACK_mean,DEF_PXT_ATTACK_std,DEF_PXT_BALL_LOSS_mean,DEF_PXT_BALL_LOSS_std,DEF_PXT_BALL_WIN_mean,DEF_PXT_BALL_WIN_std,DEF_PXT_BLOCK_mean,DEF_PXT_BLOCK_std,DEF_PXT_DEFEND_mean,DEF_PXT_DEFEND_std,DEF_PXT_DRIBBLE_mean,DEF_PXT_DRIBBLE_std,DEF_PXT_FOUL_mean,DEF_PXT_FOUL_std,DEF_PXT_NOVIDEO_mean,DEF_PXT_NOVIDEO_std,DEF_PXT_OTHER_mean,DEF_PXT_OTHER_std,DEF_PXT_PASS_mean,DEF_PXT_PASS_std,DEF_PXT_SETPIECE_mean,DEF_PXT_SETPIECE_std,DEF_PXT_SHOT_mean,DEF_PXT_SHOT_std,DISTANCE_TO_GOAL_COVERED_DRIBBLE_mean,DISTANCE_TO_GOAL_COVERED_DRIBBLE_std,DISTANCE_TO_GOAL_COVERED_FDR_mean,DISTANCE_TO_GOAL_COVERED_FDR_std,EXPECTED_GOAL_ASSISTS_mean,EXPECTED_GOAL_ASSISTS_std,EXPECTED_PASSES_mean,EXPECTED_PASSES_std,EXPECTED_SHOT_ASSISTS_mean,EXPECTED_SHOT_ASSISTS_std,GOALS_mean,GOALS_std,LOST_AERIAL_DUELS_mean,LOST_AERIAL_DUELS_std,LOST_GROUND_DUELS_mean,LOST_GROUND_DUELS_std,NEUTRAL_PASSES_mean,NEUTRAL_PASSES_std,NEUTRAL_PLAY_NUMBER_mean,NEUTRAL_PLAY_NUMBER_std,NUMBER_OF_PRESSES_mean,NUMBER_OF_PRESSES_std,OFFENSIVE_TOUCHES_mean,OFFENSIVE_TOUCHES_std,OPP_PXT_BALL_LOSS_mean,OPP_PXT_BALL_LOSS_std,OPP_PXT_BALL_WIN_mean,OPP_PXT_BALL_WIN_std,OPP_PXT_BLOCK_mean,OPP_PXT_BLOCK_std,OPP_PXT_DRIBBLE_mean,OPP_PXT_DRIBBLE_std,OPP_PXT_FOUL_mean,OPP_PXT_FOUL_std,OPP_PXT_NO_VIDEO_mean,OPP_PXT_NO_VIDEO_std,OPP_PXT_PASS_mean,OPP_PXT_PASS_std,OPP_PXT_SETPIECE_mean,OPP_PXT_SETPIECE_std,OPP_PXT_SHOT_mean,OPP_PXT_SHOT_std,OWNGOALS_mean,OWNGOALS_std,PACKING_XG_mean,PACKING_XG_std,POSTSHOT_XG_mean,POSTSHOT_XG_std,PRE_ASSISTS_mean,PRE_ASSISTS_std,PXT_ATTACK_mean,PXT_ATTACK_std,PXT_BALL_WIN_mean,PXT_BALL_WIN_std,PXT_BLOCK_mean,PXT_BLOCK_std,PXT_DEFEND_mean,PXT_DEFEND_std,PXT_DRIBBLE_mean,PXT_DRIBBLE_std,PXT_FOULED_mean,PXT_FOULED_std,PXT_FOUL_mean,PXT_FOUL_std,PXT_NO_VIDEO_mean,PXT_NO_VIDEO_std,PXT_OTHER_mean,PXT_OTHER_std,PXT_PASSIVE_mean,PXT_PASSIVE_std,PXT_PASS_mean,PXT_PASS_std,PXT_REC_mean,PXT_REC_std,PXT_SETPIECE_mean,PXT_SETPIECE_std,PXT_SHOT_mean,PXT_SHOT_std,RED_CARD_mean,RED_CARD_std,REVERSE_PLAY_ADDED_OPPONENTS_DEFENDERS_mean,REVERSE_PLAY_ADDED_OPPONENTS_DEFENDERS_std,REVERSE_PLAY_ADDED_OPPONENTS_mean,REVERSE_PLAY_ADDED_OPPONENTS_std,REVERSE_PLAY_NUMBER_mean,REVERSE_PLAY_NUMBER_std,SECOND_BALL_START_mean,SECOND_BALL_START_std,SECOND_BALL_WIN_mean,SECOND_BALL_WIN_std,SHOT_ASSISTS_mean,SHOT_ASSISTS_std,SHOT_AT_GOAL_NUMBER_BLOCKED_mean,SHOT_AT_GOAL_NUMBER_BLOCKED_std,SHOT_AT_GOAL_NUMBER_CAUGHT_mean,SHOT_AT_GOAL_NUMBER_CAUGHT_std,SHOT_AT_GOAL_NUMBER_ON_TARGET_mean,SHOT_AT_GOAL_NUMBER_ON_TARGET_std,SHOT_AT_GOAL_NUMBER_OTHER_mean,SHOT_AT_GOAL_NUMBER_OTHER_std,SHOT_AT_GOAL_NUMBER_SAVED_mean,SHOT_AT_GOAL_NUMBER_SAVED_std,SHOT_AT_GOAL_NUMBER_SUCCESS_mean,SHOT_AT_GOAL_NUMBER_SUCCESS_std,SHOT_AT_GOAL_NUMBER_mean,SHOT_AT_GOAL_NUMBER_std,SHOT_AT_GOAL_OFF_TARGET_NUMBER_mean,SHOT_AT_GOAL_OFF_TARGET_NUMBER_std,SHOT_CREATING_ACTIONS_mean,SHOT_CREATING_ACTIONS_std,SHOT_XG_FROM_PASSES_mean,SHOT_XG_FROM_PASSES_std,SHOT_XG_mean,SHOT_XG_std,SUCCESSFUL_PASSES_mean,SUCCESSFUL_PASSES_std,UNSUCCESSFUL_PASSES_mean,UNSUCCESSFUL_PASSES_std,WON_AERIAL_DUELS_mean,WON_AERIAL_DUELS_std,WON_GROUND_DUELS_mean,WON_GROUND_DUELS_std,net_out_strength,net_in_strength,net_total_strength,net_betweenness,net_pagerank,net_eigenvector_und,net_flow_betweenness,net_load_centrality,net_bridging_centrality,net_clustering_und,net_local_efficiency_und,net_constraint_und
1004,Genki Haraguchi,46,VfB Stuttgart,,,,,7.98,,4.0,,,,4.58,,1.6,,6.79,,3.0,,,,6.5,,,,0.5,,,,,,,,,,5.5,,5.0,,7.0,,0.355,0.2050609665440988,4.0,2.8284271247461903,6.45,5.444722215136416,5.3,,6.1,,1.0,,3.0,,-0.0019255,0.0001209152595828,0.014164,0.0223841722652413,0.002269,,-0.09592,,1.2499999999999992e-05,0.0002326381310103,-0.026955,0.0360228478607674,0.0040785,0.0098846456942067,0.023843,,,,-0.0020599999999999,0.0026120524497031,0.020078,0.0268332881324671,-0.00013,0.0006420529573173,0.086126,,23.385,9.87828173317607,,,0.000757,,4.630756,,0.021288,,,,,,,,1.0,,5.5,4.949747468305833,2.5,0.7071067811865476,8.0,4.242640687119285,0.002269,,-0.09592,,,,0.002523,0.001626345596729,0.023843,,,,-0.004449,0.0017479679630931,,,,,,,0.00344,0.0030829855659733,,,,,-0.003913,0.0156228172235355,-0.003692,,,,0.003801,0.005265117092715,-0.0032099999999999,0.001019647978471,,,-0.001416,,,,0.0012129999999999,0.0016518014408517,0.003716,0.0053853252455167,0.0073435,0.0264564002180946,0.0070085,0.0051244028432589,,,,,,,0.5,,3.855,0.2192031021678294,5.0,1.4142135623730951,1.0,,1.0,,,,,,,,,,,,,,,,,,,,,,,,,,7.5,3.5355339059327378,3.0,,1.0,,1.0,,46.38950385809867,39.050651804655196,85.44015566275387,0.033846153846153845,0.029520377393382743,0.15101315158673165,0.00888040959109866,0.033846153846153845,0.16832242987129198,0.2010792839891388,0.9666666666666667,0.34195649325970956
1023,Alexander Nübel,46,VfB Stuttgart,,,,,1.798888888888889,1.4335977692862685,7.466666666666667,3.910492810757809,1.11375,0.7527651407596244,9.471666666666668,5.8051392708550065,5.591739130434783,3.5323165874972613,23.514,14.744397088970487,9.133333333333333,3.8032049400593646,,,2.3111111111111113,2.487826570674016,1.2,,,,1.9083333333333332,1.9117296212925972,2.529166666666667,2.583808979119724,2.9,2.2428459364692976,4.583333333333333,3.9553669281410393,9.883,7.863295417799475,14.466666666666669,6.579662151128165,37.233333333333334,21.154087129886996,,,,,,,22.742,12.562367281851694,29.628,17.58316267499031,1.1764705882352942,0.3929526239966879,9.266666666666667,3.795944599477032,0.0030355,0.0166200399844948,-0.0073955,0.0304875830776037,0.0875422666666666,0.1571957447675664,-0.0625308333333333,0.0573863052875637,,,0.0410430666666666,0.1637640365584777,-0.029309,,,,0.0221814074074074,0.0222026456432201,-0.0008388666666666,0.0034342888812009,,,0.0068044137931034,0.0089020677875473,0.0349236666666666,0.0538483866804935,83.93366666666667,48.36649877067115,,,0.0018587857142857,0.004007398507349,25.75474582758621,7.209342221680199,0.0279983333333333,0.0403921973785366,,,,,1.0,,3.7857142857142856,2.1318943559598686,40.0,10.74468593594382,1.2,0.4472135954999579,27.7,9.18450719493393,0.0875422666666666,0.1571957447675664,-0.2581609666666666,0.2373959933536751,0.0131260666666666,0.0136186831200307,0.0219036333333333,0.0189696398371338,,,0.0221814074074074,0.0222026456432201,-0.0266903666666666,0.0151176405805598,0.0013988888888888,0.0011928342890048,,,1.0,,0.00079,,,,1.0,,0.0139630666666666,0.0139788982544832,0.0012345,0.0024970236593137,-0.0001,0.0028504756996483,0.0016916333333333,0.0027010894415521,-4.953333333333334e-05,0.0020166249840852,0.0054286923076923,0.0181854027284917,,,-0.000567,0.0008788375276466,0.002785,0.0021953365463463,,,0.0231731,0.0142645279224979,0.0012422666666666,0.0008246334162913,0.0015947857142857,0.0021865537971741,,,,,,,1.23,0.9755326750037644,1.25,0.4629100498862757,5.0,2.815771906346717,2.4,1.118033988749895,,,,,,,,,,,,,,,,,,,1.0,0.0,,,,,27.7,8.030759830070618,5.133333333333334,3.093188660905445,,,1.0,0.0,23.538138712033547,17.627744726026332,41.16588343805988,0.0,0.015109009170554296,0.0817573943725934,0.23819973149614226,0.0,0.0,0.040158828864461364,0.9333333333333333,0.22054317596000253
1056,Serhou Guirassy,46,VfB Stuttgart,1.0,0.0,6.713928571428572,4.184201626830172,34.16642857142857,14.209049858579494,12.321428571428571,4.4973537192654165,0.9216666666666667,0.7480218356884154,8.127857142857142,4.199831881240942,1.4966666666666668,0.3550117368951811,2.9916666666666667,2.057160699830603,4.076923076923077,1.6714802283742858,2.6142857142857143,1.9113570347493205,11.65230769230769,5.949579687804715,1.435,0.9491575211733824,23.171428571428574,9.35029637648146,3.126923076923077,2.1165174589041675,3.436153846153846,2.4334141890324825,2.76,1.4987995196156156,4.076923076923077,2.7845728853535423,2.7624999999999997,1.7049321037099596,3.962962962962963,1.7863043388188895,7.407407407407407,4.116189978975696,12.886785714285711,7.392253730198944,27.035714285714285,8.39083337077341,70.09071428571428,22.78766559291678,5.351851851851852,2.7118501164575917,6.3496296296296295,3.2955278338535856,1.4444444444444444,0.6156987634551994,4.115384615384615,1.6328361357325014,-0.0038068571428571,0.0057268390784697,0.0106225357142857,0.0154720650743636,0.0133781071428571,0.0157037981896319,-0.0247106153846153,0.0325452397564705,0.0005874444444444,0.0027409689939218,-0.0334528214285714,0.0471527349523381,0.0010560714285714,0.0132023391892794,0.0074813636363636,0.0176772591725794,-0.0006547647058823,0.0024001861003214,-0.0017603214285714,0.0038923692875464,-0.0014541428571428,0.013320169542671,-0.01256325,0.0212051923893304,0.0360276923076923,0.0508723524093543,31.923333333333336,19.381178617808168,33.932,21.212192273610754,0.2348492592592592,0.2339684858950999,21.18585755555555,7.021824205730492,1.6593122592592593,1.4304631092287128,1.4736842105263157,0.6966922684794659,2.8095238095238093,1.913610399716923,2.892857142857143,1.4230714230607946,2.739130434782609,1.93572611004825,10.035714285714286,4.826486666818167,13.964285714285714,6.489205526086252,33.785714285714285,9.979078643943566,0.0163855714285714,0.0256242879018362,-0.0247172307692307,0.0325455971022904,-0.0005162999999999,0.0020120021012801,0.0018028571428571,0.0016071555207026,0.0074813636363636,0.0176772591725794,-0.0006547647058823,0.0024001861003214,-0.0058166785714285,0.0051683445523083,0.0003993333333333,0.0004312525362244,0.00029436,0.0010634534890315,,,0.8402739285714286,0.6403612236527667,0.8320233333333333,0.5558266913554876,1.0,0.0,0.3687524642857142,0.5524768107744588,0.0790868076923076,0.1212311752119954,-0.0358646,0.0957318399397877,0.0543401071428571,0.1096847114993325,-0.0832527857142857,0.1259873835251289,0.0714365384615384,0.2072068858595642,-0.0235576363636363,0.0600614930671436,0.0116005882352941,0.0147485949290891,0.0024672857142857,0.0021869909626926,0.0473875714285714,0.0337377298160806,-0.0555078214285714,0.1199556822145559,0.6371079285714286,0.3361906389241332,-0.0084942222222222,0.0143585122991361,0.1408701071428571,0.4858249646439387,,,10.12607142857143,4.5190308197958275,31.983571428571427,11.783533461850942,25.392857142857142,8.372526879575029,2.1052631578947367,0.936585811581694,1.588235294117647,0.7122871199007256,2.3333333333333335,1.7416467303484175,1.3636363636363635,0.504524979109513,1.0,0.0,1.72,1.0214368964029708,1.0,0.0,1.1111111111111112,0.3333333333333333,1.4736842105263157,0.6966922684794659,3.3214285714285716,1.9061998540546272,1.8,1.01418510567422,2.96,2.263478149515328,0.3170185714285714,0.2843564167604753,0.7561346428571429,0.6475915235844167,21.678571428571427,7.293089430354837,7.2592592592592595,2.876865182165003,2.0434782608695654,1.6370222653443665,3.423076923076923,2.230212132028286,24.821814445663122,37.85131317206944,62.67312761773256,0.0,0.029320248320134877,0.11994900976789373,0.07675573456133296,0.0,0.0,0.057014523644665305,0.9242424242424242,0.20215907193384777
1161,Mahmoud Dahoud,46,VfB Stuttgart,,,1.4666666666666668,0.5033222956847166,7.561818181818182,6.789821526640915,3.909090909090909,2.7001683449201996,1.185,0.997020561473032,7.128888888888889,8.64962057613576,1.7525,1.4871757349643204,6.298,7.047391637257638,2.727272727272727,1.7372915179041826,1.7333333333333334,2.0033305601755624,4.87,3.46668269227065,,,1.7,0.9309493362512627,3.577777777777778,2.479807340186823,4.288888888888889,3.031272193504092,,,5.1,4.1486276177925525,6.39,4.7720133184130065,7.2,4.962078417580905,16.8,11.48719093406023,1.7825,1.1175323581125385,7.583333333333333,5.567083998146987,12.558333333333332,8.614412693887266,11.589,7.581519123646805,13.29,8.715815764714423,2.25,1.8929694486000912,2.8181818181818183,1.7215215257545762,-0.0013978333333333,0.0029251667499736,-0.0031725833333333,0.0192148979485773,0.0049224,0.0041035169522956,-0.0148768181818181,0.0186113722267767,-0.0005402,0.0008269481241287,0.0185266666666666,0.026422664642081,0.0039515,0.0105065124089775,,,-0.00051475,0.0012041097333715,-0.0034311666666666,0.0053429667079651,0.0193570833333333,0.0237466894246079,0.0034944545454545,0.0033827153106235,0.0173498888888888,0.019250156677573,26.712,22.341095069152026,,,0.0726893636363636,0.1009659505360819,16.29710091666667,14.816993851004058,0.6686438,0.6224331171589264,1.0,,1.3333333333333333,0.5773502691896257,2.2,1.3038404810405295,1.5,0.7559289460184544,17.272727272727273,15.672210495593204,2.909090909090909,2.6628760937957834,18.166666666666668,14.947382460626423,0.0050301,0.0040728185012893,-0.014882909090909,0.0186279309771887,,,0.0029705454545454,0.0031233879158259,,,-0.00051475,0.0012041097333715,-0.0041354166666666,0.0027260636775839,-0.0001015,7.77817459305202e-06,0.0001885,0.0007686250711497,,,0.042784,0.0764858725081523,0.7239,,1.5,0.7071067811865476,0.06780675,0.2174202558703995,0.0271366363636363,0.0532290025649038,,,0.0033940833333333,0.0107378059588821,-0.0175125,0.0194021631010565,0.001913,0.0032965349990558,,,0.00174,0.0046950195597746,0.0008216666666666,0.0012718723015755,-0.0019360833333333,0.0035759376000843,0.0383768333333333,0.0978683483506224,0.0334309166666666,0.0281236877074318,0.0351416666666666,0.1214711756522235,0.2547395,0.3999799005256389,,,1.0666666666666669,0.5033222956847166,8.666666666666666,6.84300084802425,8.5,7.657438451359805,1.25,0.5,1.7142857142857142,1.4960264830861911,1.75,0.5,,,,,1.0,,,,,,1.0,,1.0,0.0,1.0,,1.7142857142857142,0.7559289460184545,0.2059675,0.1851464106007279,0.144265,0.146491311858417,18.181818181818183,15.321998445491252,2.9,2.330951164939612,1.0,,2.2,1.3038404810405295,102.67033827482308,100.57199297183756,203.24233124666063,0.22923076923076924,0.0626193775776053,0.2929330526685645,0.016340749438546662,0.22923076923076924,1.732907132511704,0.1322810456470401,0.9869281045751634,0.1884744420122955
1171,Pascal Stenzel,46,VfB Stuttgart,1.6666666666666667,0.5773502691896257,0.7,,10.301,7.40115773304918,8.181818181818182,6.075997771374585,1.038,1.063588266200789,6.973809523809523,6.3860703693198335,2.373529411764706,1.7555374575057867,18.191363636363636,14.38205571618246,8.681818181818182,5.532470072962448,1.0,,9.543684210526315,5.004331690896859,0.6,,2.06,1.2116104984688767,5.369375,5.0107823324639975,5.869375,5.415761526938447,1.7916666666666667,1.4934043881905084,8.3125,7.291261893527074,15.675,13.634819011401808,16.714285714285715,12.264350195354243,40.523809523809526,33.71589988064837,0.932,1.1324802775092238,8.761904761904763,5.881366864129135,15.166666666666666,10.310253795776966,27.086190476190477,21.975106023905884,32.09761904761905,26.293852495357527,2.0,1.7320508075688772,8.681818181818182,5.532470072962448,0.0147431428571428,0.0239617378152873,0.0101224761904761,0.0151036430923769,0.0157514210526315,0.0219652847777674,-0.0707606818181818,0.0809943745967737,-0.0021238333333333,0.004536428768282,0.0391992272727272,0.099195298369732,0.019873909090909,0.0582277627588086,0.0078687272727272,0.0114069071889878,-0.0024454999999999,0.0050785422613186,-0.0006738636363636,0.0017135942814656,0.0651458095238095,0.0689081612152138,0.00782265,0.0081200859684002,0.0229661,0.0534687063715039,74.088,54.234767699036205,2.205,2.8354981925580556,0.1264408333333333,0.2285784606424596,31.3563502,19.513275155754517,0.9539007222222222,1.0723863842742507,,,2.0,1.2649110640673518,1.9411764705882353,1.0289915108550531,2.9375,1.9137659209004636,33.15,21.00444815045763,7.333333333333333,4.881939505292271,29.285714285714285,18.857738085843852,0.01924115,0.0259918920906116,-0.0707606818181818,0.0809943745967737,0.0159764545454545,0.0234345266833517,0.0041281,0.00392740598601,0.0078687272727272,0.0114069071889878,-0.0024454999999999,0.0050785422613186,0.0004614285714285,0.0117724380167042,0.0020608333333333,0.0022723433421703,0.000646,5.213444159094827e-05,,,0.0193270588235294,0.0238599472874276,0.0520775,0.0271436737565127,1.5,0.7071067811865476,0.0650051904761904,0.1326920252956518,0.009411909090909,0.0078378093447515,-0.0001768461538461,0.0020358487110684,0.0034501818181818,0.0077919570231798,-0.00513205,0.0154616451275406,0.0041879166666666,0.0077717093996381,-0.001235,0.0010283654992268,0.0017126666666666,0.0029953796197922,0.001506,0.0011912478751292,-0.0028027727272727,0.003236695727374,0.1150278095238095,0.2389088058018412,0.0409948571428571,0.0320062993788499,0.0107518333333333,0.0146504292980665,-0.0012498181818181,0.0286999522920097,1.0,,1.8625,1.2418903601633544,11.135714285714286,6.985127465858137,9.428571428571429,5.723385611431651,2.0,0.7844645405527362,2.066666666666667,1.0997835284835873,2.2857142857142856,0.7559289460184544,1.0,0.0,1.25,0.5,1.25,0.5,1.0,,,,,,1.3636363636363635,0.504524979109513,1.0,0.0,2.363636363636364,1.2060453783110543,0.3901014285714285,0.3846317527813052,0.0357236363636363,0.0202446196668286,33.095238095238095,20.808423202887727,5.7894736842105265,3.4087949543696054,1.4285714285714286,1.1338934190276817,2.142857142857143,1.5619092289760117,50.3400657048488,46.89003001685894,97.23009572170773,0.012307692307692308,0.031283049119472404,0.15240215104820182,0.036609028902986555,0.012307692307692308,0.1464179522051092,0.08405862789306845,0.9836601307189542,0.23458275071781934
1297,Maximilian Mittelstädt,46,VfB Stuttgart,1.0,0.0,1.140625,0.8766334752905574,18.0859375,10.563933730714874,13.666666666666666,7.573253373991039,0.758888888888889,0.8018641475406612,11.006666666666668,6.70394597730819,2.903913043478261,2.2097732074714136,26.877666666666663,17.330630384963783,14.225806451612904,7.860066485805976,1.2166666666666666,0.6210206652492867,13.059666666666669,9.103114466406854,2.35,0.6191391873668903,1.5437500000000002,1.2706789523715267,6.109677419354839,4.334155422433124,6.964516129032258,4.951198399518833,2.9646666666666666,1.7279834104141931,9.35483870967742,6.770270241266957,22.414375,13.172261406627037,22.9375,13.21518554664512,56.21875,32.412397443949075,2.411153846153846,2.100168235019427,12.0,9.066065761238264,19.065625,14.075295433214112,37.601875,22.122613804255995,46.00875,26.858938171071085,1.4375,0.51234753829798,14.290322580645162,7.86211824038576,0.0169827272727272,0.0202814751840699,0.0131679696969696,0.0235889498673171,0.0141516969696969,0.0154179607529758,-0.0682139677419354,0.0647800748988369,-0.0025193999999999,0.0039056043706448,0.0406875151515151,0.0865043792475709,0.0111488387096774,0.0379974853142474,0.0099645294117647,0.0141598832009556,-0.0007009999999999,0.0016669076825733,-0.0013112121212121,0.003600723475546,0.0665059696969697,0.0743793698016647,0.00680359375,0.0093274962268496,0.0251223666666666,0.0435019994803911,98.2221212121212,65.19320645001937,35.692499999999995,28.002987191845563,0.17770509375,0.2266458960983338,43.24542165625,25.664881537707736,1.13261878125,0.9656892935312172,1.0,0.0,1.9166666666666667,1.0836246694508316,3.1153846153846154,1.3950461806527574,4.5,2.6176042198643885,45.72727272727273,31.387968163844967,9.363636363636363,5.384109616606665,42.84848484848485,26.83528601967148,0.0212181212121212,0.0245140868312965,-0.0682010967741935,0.0647853679927573,0.0145974761904761,0.0200876961461961,0.0047772121212121,0.0048165841031117,0.0099645294117647,0.0141598832009556,-0.0007009999999999,0.0016669076825733,0.0005923939393939,0.0117241623606427,0.0025647857142857,0.0023574626403252,0.0004425454545454,0.0004270326366067,,,0.0319745454545454,0.0376297012919074,0.2625366666666667,0.1856787169997323,1.25,0.5,0.1252896969696969,0.1502929272467779,0.0177363225806451,0.0170466397849881,-0.0016664782608695,0.0093169512759835,0.0013410303030303,0.0077760732960346,0.0043321515151515,0.0394855812307806,0.0059953333333333,0.0148813724848662,-0.0029115882352941,0.0037633062933214,0.002795,0.0058463023071567,0.0020981818181818,0.0020667385153688,-0.0027757878787878,0.009095952272019,0.174509303030303,0.2217269818234359,0.0690214545454545,0.0593731285568705,-0.0022096785714285,0.0211685727821598,0.0389956470588235,0.1056821915520427,,,1.082,0.3802280017743739,13.7253125,9.436664591309311,12.903225806451612,8.0802427303049,2.7857142857142856,1.7713176275208626,2.730769230769231,1.4847947281073517,1.5,0.7608859102526822,1.25,0.5,1.0,0.0,1.1666666666666667,0.408248290463863,1.0,,1.0,0.0,1.0,0.0,1.2352941176470589,0.7524469885568253,1.0,0.0,2.0,1.1766968108291045,0.2263669999999999,0.1856624520637271,0.0701158823529411,0.0599390720918775,44.333333333333336,28.137682325782748,8.696969696969697,4.48249964085922,1.631578947368421,0.6839855680567694,4.666666666666667,2.9742484506432625,67.0673040712894,64.57504615680924,131.64235022809862,0.027692307692307693,0.045520770797461946,0.1887733579093834,0.08334395070095033,0.027692307692307693,0.383261801991868,0.07225428457812622,0.9134199134199135,0.17667393725803576
1359,Waldemar Anton,46,VfB Stuttgart,1.0,0.0,2.13,1.1613907918648965,8.831142857142856,5.647383450053022,12.8,5.0805279947936866,1.1222727272727273,0.8506632248298513,11.746,6.576197810821905,3.758484848484848,2.5423563396140514,31.815142857142856,14.672663131188711,17.857142857142858,6.476849529820249,0.7999999999999999,0.9643650760992954,10.732285714285714,5.711232011784932,2.786666666666666,1.3966149552877247,2.3875,1.3912353195220837,3.797058823529411,1.7366783505890306,4.607647058823529,2.2805741685646663,3.3353333333333333,2.2728297864325953,6.323529411764706,3.235415651582138,20.966764705882355,8.052786726604095,29.02857142857143,12.850922865202913,67.2,27.86501073980435,1.0026666666666666,1.3815698455363157,3.4,2.511151598956378,5.3914285714285715,4.855825575204151,48.94342857142857,19.178599277634977,57.64971428571429,22.622280075145373,1.2222222222222223,0.5483188805533161,18.085714285714285,6.450587882791261,0.009648,0.0251296127190962,0.0075117428571428,0.0314575142602198,0.0253642,0.0241464078984846,-0.086146,0.058771843017774,-0.0048288461538461,0.0133310591342558,0.1320196571428571,0.2066357506925913,0.0255260571428571,0.0747656641163665,0.0778857857142857,0.2002367266701239,-0.000878,0.0029781629023153,-0.0012872857142857,0.0039131660085005,0.1293315428571428,0.1192625437532285,0.00705134375,0.0084396222496468,0.0391036363636363,0.0550163971346373,170.54314285714287,116.91626658755877,17.27,,0.0615055294117647,0.1567462033735243,64.47058452941177,24.53696432082734,0.2959457419354838,0.3094688641542654,,,1.7391304347826086,0.8643121965600912,1.88,1.3012814197295424,3.1666666666666665,1.763291071348928,89.54285714285714,39.24908605690737,10.0,4.242640687119286,61.74285714285714,25.06502467951855,0.0331844857142857,0.0301207467296423,-0.0861474857142857,0.058773053871937,0.0113280588235294,0.0224785011968953,0.0129884,0.0090483001790066,0.0778857857142857,0.2002367266701239,-0.000878,0.0029781629023153,-0.0104439142857142,0.0184444672676267,0.0015494516129032,0.0014398318151485,0.0008008,0.0002750405222669,1.0,,0.0558262068965517,0.0836942258382855,0.2087616666666666,0.1839486716904111,1.25,0.5,0.0816256285714285,0.1708725965683352,0.0171013142857142,0.0260047018279969,0.0003248571428571,0.0015407576151268,0.0059142857142857,0.0114414170697088,0.0011057999999999,0.0335753139145239,0.0413396666666666,0.1697515014757612,-0.0010637142857142,0.0011502045589687,-0.0009258260869565,0.0038694354727105,0.0027709142857142,0.0022292123427138,-0.0023235428571428,0.003468646026256,0.0796845714285714,0.0788187891533804,0.0479628571428571,0.0656557447220607,0.000795193548387,0.0044003891526345,-0.008192294117647,0.0928811762251673,,,0.75,0.6363961030678927,4.602571428571428,3.5010614716927533,4.235294117647059,3.210388662672932,3.0,2.051072049374214,2.096774193548387,1.2477937519124818,1.0,0.0,1.0,0.0,1.0,0.0,1.0,0.0,1.0,0.0,1.0,0.0,,,1.3333333333333333,0.7669649888473704,1.2,0.4216370213557839,1.380952380952381,0.7400128699009548,0.1212988888888889,0.1176752017678793,0.1044088888888889,0.0978779267845104,65.82857142857142,24.816367599637463,10.17142857142857,4.176162848172205,2.925925925925926,2.0741249485010065,2.2962962962962963,1.3816048309237736,94.75326368756554,99.34017430062484,194.09343798819037,0.11846153846153847,0.06365907988840187,0.28650036907040827,0.07653347743870119,0.11846153846153847,1.5258565779789814,0.07763608889938127,0.855,0.18651018539188138
5420,Borna Sosa,46,VfB Stuttgart,,,,,12.215,1.3788582233137672,10.0,2.8284271247461903,,,8.215,1.732411613907041,,,4.5,0.7071067811865476,1.0,0.0,,,1.1,0.1414213562373094,1.4,,1.0,0.0,4.4,,5.6,,7.96,,5.0,,7.865,4.758828637385465,12.0,4.242640687119285,19.0,5.656854249492381,2.405,1.279863273947651,8.5,6.363961030678928,16.0,8.48528137423857,16.395,4.81539717988039,20.425,9.652007563196374,1.0,,1.0,0.0,0.0019895,0.0031826876221206,0.0056325,0.0077095852352769,0.0042025,0.003339665327544,-0.001138,2.6870057685088923e-05,,,0.003549,0.0050261150006739,0.00241,,,,,,-0.000107,0.0008838834764831,0.0042394999999999,0.0063448691475868,-0.002634,,0.17074,,62.114999999999995,59.30504573811574,18.68,0.5798275605729691,0.057034,,14.69185,,0.628223,,,,,,1.0,,3.5,0.7071067811865476,12.0,0.0,3.0,2.8284271247461903,20.5,6.363961030678928,0.0042025,0.003339665327544,-0.001138,2.6870057685088923e-05,-0.000718,,0.00367,0.0011511698397716,,,,,-0.0014555,0.001713319730815,0.000268,,,,,,0.0137049999999999,0.0041224325343175,,,,,-0.0062945,0.0528046130986678,0.002671,0.0015612917728598,0.004422,,-0.002251,0.0036345288552988,-0.0049445,0.0038714096269963,,,,,,,0.000933,0.0019473720753877,0.0196085,0.0267180297271336,0.0067009999999999,0.0298158645355119,0.0606774999999999,0.0088296423766764,-0.0434725,0.015347752685654,-0.007164,,,,,,6.4,6.929646455628166,5.5,4.949747468305833,2.0,1.4142135623730951,1.0,,,,,,,,,,1.0,,,,,,1.0,,,,,,,,0.02677,,14.5,2.1213203435596424,5.0,0.0,,,1.0,,63.33160899796649,96.50645455510085,159.83806355306734,0.12153846153846154,0.05655013444171388,0.35551257943633185,0.020307760689935655,0.12153846153846154,0.7492743846519055,0.16220821541317063,0.9318181818181818,0.21833548644983988
5774,Dan-Axel Zagadou,46,VfB Stuttgart,,,0.9775,1.147603092163339,7.606315789473685,5.084881961403186,14.61111111111111,5.710041607851794,0.863076923076923,0.5306503025437219,14.095,7.992782221921152,4.55,2.4333789950053677,37.20578947368421,19.11075796967348,18.68421052631579,8.212812697100844,2.5,1.5556349186104046,10.601578947368422,7.065307466108129,0.71,0.0141421356237309,1.6124999999999998,1.2506426919216946,2.6266666666666665,2.240684419249321,3.008,2.6911155413959578,2.607777777777778,2.68523638520791,5.571428571428571,3.9557997482622462,21.385555555555555,11.73445365640766,28.42105263157895,15.089789739620793,67.6842105263158,36.55749297199769,1.487142857142857,1.7262166172076463,3.4375,2.365551380404436,5.54375,4.259729060241586,47.340526315789475,25.888355484804404,57.54052631578947,31.82760270821613,1.9090909090909092,1.300349603340998,18.73684210526316,8.258612375125322,0.0156085789473684,0.0331476401343976,0.012175947368421,0.0206591466519303,0.0215771666666666,0.0178952651090596,-0.1053526315789473,0.0795204179253567,-0.0066658333333333,0.0102634194967694,0.1200890526315789,0.2064550298032301,0.0460438235294117,0.1181544647665902,0.0130129999999999,0.015320433140091,-0.0005331428571428,0.0039004515883941,0.0001555789473684,0.0017421599402207,0.1500572105263158,0.1588006981994093,0.0054593529411764,0.0063950607301766,0.0355774444444444,0.0613203850187657,120.1142105263158,77.2325112397471,,,0.0400273125,0.1001705962737028,61.171710055555565,28.9643544891451,0.2765143333333333,0.4118890606688489,1.0,,1.3333333333333333,0.5163977794943223,1.5555555555555556,0.7264831572567789,3.2777777777777777,2.080880909489326,84.10526315789474,40.727952095229945,8.235294117647058,4.206088024588672,58.1578947368421,28.597325356471007,0.0361278888888888,0.0439457235902343,-0.1052714210526315,0.0796312462900195,0.0237492222222222,0.0125928408210556,0.0127377894736842,0.0097854260088888,0.0130129999999999,0.015320433140091,-0.0005331428571428,0.0039004515883941,-0.0100196842105263,0.0185070185937138,0.0016894117647058,0.0013912175449414,0.0004908,0.0004952450908388,1.0,,0.1224178571428571,0.1486541838361034,0.3059333333333333,0.1286127654369243,,,0.0571194736842105,0.1165333304668994,0.0307011052631578,0.0656859307283909,-0.0001165,0.0006058124480581,0.0073818947368421,0.0141742922217761,0.0041071052631578,0.0167515717733349,0.0182465714285714,0.030020249154291,-0.0014247272727272,0.0005860843097898,-0.0017642142857142,0.0035319017796816,0.0023312631578947,0.0020715671159268,-0.0022153157894736,0.0026885438035534,0.0575203684210526,0.0487178980015564,0.0591066315789473,0.0651147814898263,-0.0044214117647058,0.0085824630501594,-0.0279969999999999,0.1777363732027015,,,,,3.421111111111111,2.1170147930486753,2.2777777777777777,1.3197840980097757,3.2941176470588234,1.6110829386763792,2.4285714285714284,1.8693596482500348,1.0,0.0,1.0,,1.0,0.0,1.0,0.0,1.0,0.0,1.0,,1.0,,1.1,0.3162277660168379,1.0,0.0,1.3333333333333333,0.5163977794943223,0.0907,0.0699854846855165,0.1412939999999999,0.1276119225708249,62.473684210526315,28.87784314247523,12.235294117647058,4.562474818625111,3.4375,1.998958061924595,2.2777777777777777,1.564516672426553,68.0490368283996,65.392294723076,133.4413315514756,0.04,0.043648136053829695,0.24368417147666027,0.133561438588115,0.04,0.6140760429231065,0.06513851150342416,0.8616600790513834,0.21585603309520224
9861,Fabian Bredlow,46,VfB Stuttgart,,,,,3.56,0.5902541825349481,10.75,6.849574196011505,0.185,0.2474873734152916,7.575,2.4989130970617337,5.0,3.27414110874898,28.95,13.265619724184267,10.25,4.272001872658766,,,1.0,0.0,0.37,0.2687005768508881,,,3.6666666666666665,0.9712534856222312,4.08,1.8167003054989563,3.0933333333333333,1.715614564327703,7.666666666666667,2.5166114784235836,14.086666666666668,4.289584284442181,15.0,7.438637868140466,42.5,22.575798250929395,,,1.0,,1.0,,26.2425,13.248311527637524,32.82,16.88090834838773,1.0,,10.25,4.272001872658766,-0.011909,0.0088013981843795,0.004079,0.0253588501710941,0.0711615,0.1150559137245887,-0.03910325,0.0456440727176048,,,0.01613875,0.0548283265376271,,,,,0.03315875,0.0154838521988769,-0.006181,0.0048274135932194,,,6.925000000000003e-05,0.0021605606332616,0.0566265,0.0746506568870406,112.8575,52.6547974230902,,,0.0006463333333333,0.0006056321766,29.3173895,8.466894005180473,,,,,,,,,6.0,1.4142135623730951,48.0,13.976170195491086,1.0,,32.25,11.354147553500733,0.0711615,0.1150559137245887,-0.22057175,0.171326662907198,-0.0085485,0.0015817065678142,0.0228575,0.0128711034880463,,,0.03315875,0.0154838521988769,-0.0280825,0.0070632527209494,0.00186475,0.001474267586521,,,,,,,,,,,0.0128814999999999,0.0069056536499692,0.00177075,0.0014564906167451,0.0004375,0.0003375327144638,0.002246,0.0012025015592505,-0.00061625,0.0011701283049307,0.0001686666666666,0.0001908201596617,,,-0.0014546666666666,0.0017119454819979,0.0036265,0.0025982879619729,,,0.0249435,0.0136207403249603,0.00201725,0.0009542817106773,0.00196475,0.0017349934437916,,,,,,,2.526666666666667,1.0152011294976642,1.3333333333333333,0.5773502691896257,6.0,3.605551275463989,2.6666666666666665,1.1547005383792517,,,,,,,,,,,,,,,,,,,,,,,,,30.25,9.17877987534291,8.25,5.123475382979799,,,,,23.34785148012921,13.777032518984578,37.12488399911379,0.0,0.012326275244023608,0.06499084716127333,0.08936399791441176,0.0,0.0,0.05642557993562509,0.9952380952380953,0.2254909359130255
22947,Atakan Karazor,46,VfB Stuttgart,1.0,0.0,0.9316666666666666,0.9164142903267888,15.9425,7.0706225486732395,9.242424242424242,3.93724446020233,0.7528,0.6433798774182068,11.494545454545454,6.571197137370162,1.6341379310344828,1.2270217055985004,21.187058823529412,9.562628499247309,12.970588235294118,5.424329558447319,0.9230769230769232,0.5134099176971005,24.79705882352941,12.003283270387408,0.89,0.82,1.81875,1.1408878121883852,5.329411764705882,3.168550898282827,6.181176470588235,3.68215003455934,1.7760000000000002,1.4369659394401495,8.147058823529411,4.613106183809516,19.485294117647054,9.08195454710724,18.764705882352946,7.568110222183333,41.52941176470589,17.919407616895807,3.7091176470588234,2.1371850186452197,18.714285714285715,7.954175479773199,29.56857142857143,12.559804499896892,28.73235294117647,12.604721111389184,34.38470588235294,15.138908177935566,1.6,0.816496580927726,13.058823529411764,5.4044940697286945,-0.0063379142857142,0.0140008574472116,0.0009044571428571,0.0148008504492197,0.0183971212121212,0.0145770096829681,-0.0593926176470588,0.0660986832500832,-0.0007509999999999,0.0039453354075744,0.0312261428571428,0.0645045006337418,0.0019600857142857,0.0142417456493049,0.0132400476190476,0.0172770606339046,-6.954545454545454e-05,0.0005687386682187,-0.0005974857142857,0.0021610348062012,0.0598774857142857,0.0391551103240999,0.0098326470588235,0.0093730733515467,0.0356589142857142,0.0539427058468582,59.593823529411765,32.51465739545278,9.98,,0.0520137272727272,0.0546413993777112,46.68429497058824,19.736939385967993,0.725142,0.5258483484257248,,,1.75,0.910465468000326,3.103448275862069,1.77974371321521,3.161290322580645,1.881431621461848,41.294117647058826,19.85176797220095,14.393939393939394,5.8680245501541775,47.48571428571429,20.759648966446516,0.0260724242424242,0.0257968536793131,-0.0593780294117647,0.0661023005744999,0.0058188421052631,0.0101651036463161,0.0035591176470588,0.0034383432300394,0.0132400476190476,0.0172770606339046,-6.954545454545454e-05,0.0005687386682187,-0.0133198,0.0121942477659128,0.0003196,0.0003960068391665,0.0006878571428571,0.0004367850075919,,,0.0311351515151515,0.039485806636785,0.07009,,1.25,0.5,0.0320344571428571,0.0602785721855291,0.0375618235294117,0.0246385926564227,-0.00264695,0.0060330782094697,0.0168045428571428,0.0172280187644888,-0.0145035588235294,0.014488466462529,0.013324,0.0148657017517313,-0.0030198095238095,0.0068330974134651,0.0009438181818181,0.0095902365019657,0.0022234285714285,0.0018695716761068,-0.0055709999999999,0.0036958123838299,0.0657556857142857,0.0780331461434522,0.0641665142857142,0.0488864958121008,-0.0082553846153846,0.0111569787418527,-0.020726,0.0804103450491482,,,1.1583333333333334,0.7959652040514121,22.264,9.68692818426248,21.34285714285714,9.377516468983162,1.7083333333333333,0.8064504441319253,2.4583333333333335,1.5316704909195131,1.411764705882353,0.6183469424008423,1.0,0.0,,,1.0,,1.0,0.0,1.0,,,,1.2857142857142858,0.4688072309384954,1.1666666666666667,0.408248290463863,2.08,1.411854572303158,0.1200763157894736,0.101737802010338,0.0674485714285714,0.0587599891157165,48.885714285714286,20.73611715393817,5.9375,2.7231089916940823,1.7647058823529411,0.903424856082804,4.225806451612903,2.0282944792666706,82.5761913382005,84.94827122713238,167.5244625653329,0.06307692307692307,0.05924904685465942,0.2850901748819873,0.058284596064554606,0.06307692307692307,0.7636077850006744,0.0826038229996039,0.8972332015810277,0.20973736297543247
27123,Angelo Stiller,46,VfB Stuttgart,1.25,0.5,1.457142857142857,1.3682916275494703,17.773823529411764,9.351727766051503,11.108108108108109,5.8726474428479,0.71,0.7260642056796567,10.296857142857142,5.623975342714633,1.940967741935484,1.323944497423538,21.28864864864865,10.88303883270818,11.783783783783784,5.860105872835477,1.8,1.3589211407093005,21.697352941176472,10.504214250631644,1.228,0.835296354595182,1.9571428571428573,1.3377486417752134,8.187272727272727,4.7309646695515974,9.295151515151517,5.503794214682792,2.131875,1.4303063483044465,12.151515151515152,6.960249690749302,24.501944444444447,12.971863798114184,24.864864864864863,12.966114303063971,58.78378378378378,31.679063481470894,4.241176470588235,2.678378936127261,24.65714285714286,11.429947396160298,39.47485714285714,19.228873872907062,41.586216216216215,21.82518987461651,48.66,26.17825316725486,1.3333333333333333,0.4830458915396479,11.945945945945946,5.925209541282748,-0.0055484864864864,0.0114250160408874,0.0035584324324324,0.0243458712990068,0.0181497142857142,0.0212376493154345,-0.0490647567567567,0.0351152047816306,-0.0033258888888888,0.0152691313851315,0.0409813243243243,0.0598826080831182,0.0065169999999999,0.0154661654994747,0.0102205,0.0158609863854379,9.95714285714286e-05,0.0035629098639191,-0.0012152972972972,0.0038224166865774,0.0630199999999999,0.0535154971911044,0.0092226388888888,0.0093046979106648,0.032329,0.0501263105382973,83.03444444444443,48.73176402919174,9.733333333333333,5.900816327706985,0.1477521470588235,0.1764220511985362,58.21729616216216,28.13105374799561,1.2794882647058825,0.928327351289218,1.0,,1.6111111111111112,0.7775443160352296,3.413793103448276,1.350059294446791,3.852941176470588,1.877011695628412,57.416666666666664,29.7709110182598,13.513513513513514,6.8541213134127545,60.78378378378378,29.306934271540523,0.0206478888888888,0.0220553202700816,-0.0490647567567567,0.0351152047816306,0.0046241578947368,0.0125532810685013,0.0096202972972972,0.0059906496302565,0.0102205,0.0158609863854379,9.95714285714286e-05,0.0035629098639191,-0.0177982972972973,0.0100094545690696,0.0001927878787878,0.0007680030418875,0.0006134,0.0002052481425007,,,0.0629146875,0.1007286073016571,0.2055,0.1277860057544122,1.1666666666666667,0.408248290463863,0.0198114864864864,0.1294765957769162,0.0286917297297297,0.0273278219744891,-0.0026738461538461,0.0088643666471657,0.0138808648648648,0.0285213225813037,-0.0249906216216216,0.0439474658929091,0.0104269583333333,0.0178858768658139,-0.0016765,0.0014525974026844,0.002811037037037,0.0070374076820368,0.0023707027027027,0.0023931575592934,-0.0045538378378378,0.0069700357623564,0.1184421891891892,0.1178083514557147,0.1032482162162162,0.0919838037458935,-0.0329638181818181,0.0563278499769732,-0.0279831333333333,0.0915447614112249,,,1.3145,0.6759124437225189,30.903428571428567,13.654413193684508,28.742857142857144,12.964528205709556,3.3076923076923075,1.8059729957943615,2.870967741935484,2.061422413187408,1.9523809523809523,0.9734572654303052,1.125,0.3535533905932738,1.0,,1.25,0.5,1.0,,1.0,0.0,1.0,,1.3333333333333333,0.4879500364742666,1.0,0.0,2.96875,1.355618535172497,0.1895311538461538,0.18461480212219,0.1167886666666666,0.0997801102329278,62.2972972972973,29.85601080823394,7.542857142857143,4.031806317877131,1.2777777777777777,0.751903901522118,3.40625,2.2840170469958716,94.40971534292355,63.97939182515829,158.38910716808184,0.02,0.043201318305281185,0.19446027648688594,0.06876193812015667,0.02,0.2434314672365063,0.08215864606007364,0.9047619047619048,0.18731622120072963
27426,Josha Vagnoman,46,VfB Stuttgart,1.0,0.0,3.5175,2.264589209043063,13.25,10.440065681238384,7.545454545454546,5.787731463866953,1.4357142857142855,1.1729713998055984,6.615652173913043,5.79229019401649,1.5363636363636362,1.1586826375437989,9.199130434782608,6.45034453839728,5.869565217391305,3.793587266404464,0.4499999999999999,0.2121320343559642,6.223181818181818,3.044075254628926,,,2.723076923076923,2.5971631466383487,2.40625,1.9631501046362536,3.04375,2.5824971765070077,2.13,1.0051202249814033,3.9375,2.8860295678781025,8.88782608695652,7.1140928997702355,9.52,7.343477831835993,20.4,17.0,1.7036842105263157,1.6515925329017571,8.863636363636363,7.741634222365485,16.350909090909088,14.674800528892057,13.482,10.953097735344098,17.1408,14.414481699550167,2.0,0.8944271909999159,5.913043478260869,3.918638950617477,0.00979036,0.0163080189806528,0.01205164,0.0232634574205268,0.0133043809523809,0.0159870703835198,-0.0274519565217391,0.026925625409261,-0.0007343636363636,0.0026897060535577,0.0399855599999999,0.063270558311166,0.0035151249999999,0.018277335402582,0.020256,0.0229472210642471,-0.0002122999999999,0.0006525955102511,-0.0010777916666666,0.0037951772597562,0.04211824,0.0600870113413872,0.0058444,0.0126690324741701,0.0369371999999999,0.0414582375569236,38.09791666666667,34.00957230713866,16.462,5.08186186352994,0.0792641739130434,0.1799276463646763,19.82427296,16.828403379420838,0.3789583478260869,0.4500921831531856,1.0,0.0,1.4545454545454546,0.8201995322647244,2.230769230769231,1.7394369852458085,2.25,1.390443574307614,18.583333333333332,17.335353839873683,7.260869565217392,4.956331041335349,20.5,16.68115312456598,0.015550619047619,0.0179703241608942,-0.0274554782608695,0.0269219678749691,0.0134006666666666,0.0203813727089222,0.0025955,0.0034943670571985,0.020256,0.0229472210642471,-0.0002122999999999,0.0006525955102511,0.0010594166666666,0.0092950436859214,0.0018884117647058,0.0014704581793961,0.0007218333333333,0.000400288104578,,,0.08459,0.1625304664431325,0.1600616666666666,0.0551508289753351,1.0,0.0,0.0232789199999999,0.1055416924462082,0.0093807826086956,0.0157047873851965,-0.0083948571428571,0.0366057270274583,0.00174404,0.0095340690223709,-0.020993,0.0496586150685028,0.0170285555555555,0.0244418308239742,-0.00229275,0.0030227886249998,0.0009612727272727,0.0087334234420519,0.0015889583333333,0.0024481021483228,-0.00115068,0.0064335935831643,0.03027524,0.1241797037369231,0.0829540416666666,0.1301990378637659,0.0071206470588235,0.0165766160295956,-0.0038018,0.1521214015484562,,,0.8644444444444445,0.7622189828243441,10.782083333333333,8.415459882634572,9.0,7.095620204531563,2.1666666666666665,1.2673044646258478,1.5714285714285714,0.9376144618769908,1.2,0.4472135954999579,1.0,0.0,1.0,0.0,1.0,0.0,,,1.0,,1.0,0.0,1.5,0.7071067811865476,1.1666666666666667,0.408248290463863,1.6,0.6992058987801011,0.239905,0.2912849789982312,0.125586,0.1231701733555833,20.24,16.919613864782296,5.473684210526316,4.2605218909924325,1.2222222222222223,0.4409585518440984,3.2,1.9712215212183248,53.455410185081654,40.982924738553145,94.4383349236348,0.012307692307692308,0.030003060136717396,0.11964505380365131,0.0731643328137405,0.012307692307692308,0.18399114386240525,0.06689285073908377,0.9605263157894737,0.20400513389227426
31448,Leonidas Stergiou,46,VfB Stuttgart,,,1.8666666666666665,1.7009801096230766,6.403333333333333,7.065327478677289,6.153846153846154,4.543239553559292,0.7400000000000001,0.7639371701913712,5.3538461538461535,4.3038539675921825,2.518,1.4621582221725071,14.672857142857142,10.840097521965117,6.333333333333333,4.923220007078217,0.6,0.565685424949238,5.193333333333333,4.195144585736956,,,2.34,1.9308029417835473,2.8333333333333335,2.4222923027578647,3.145555555555555,2.7427044641699507,1.97,1.5132085117392116,4.7,4.3982319680121975,7.710714285714286,7.0971505271056206,8.352941176470589,8.15430236493739,19.9375,19.06644084947861,0.716,0.6592959207450863,4.333333333333333,2.9336088024923512,7.358333333333333,5.384904546015367,12.186470588235292,12.85827405854712,14.66235294117647,15.215509574695387,1.0,0.0,6.333333333333333,4.923220007078217,0.005215,0.0117615393550334,0.0080460588235294,0.015784337143473,0.0130882307692307,0.0151543257694178,-0.0278265333333333,0.0282375047457573,-0.00206,0.0008061017305526,0.0411951176470588,0.088012432228267,-0.0033694,0.0101750750141144,0.0023456666666666,0.0026404935775974,-0.000286,0.0007023766795673,-0.0014196249999999,0.0030430481620682,0.0546422352941176,0.0947489326882692,0.0114407,0.0108811113101762,0.0107506666666666,0.036701842382126,28.211333333333332,36.60357942424029,13.77,,0.0408242142857142,0.0674753217807228,18.56315552941177,19.7314230517046,0.3174309285714285,0.4258600899770982,1.0,,2.0,0.0,2.0,1.224744871391589,2.0,1.8856180831641267,22.4375,27.048028270713807,4.6875,4.452995246647661,17.25,19.01052340152685,0.0152890769230769,0.0173306826392842,-0.0278310666666666,0.0282356542322611,-0.00096875,0.0020592499241228,0.0042726153846153,0.0064939674896329,0.0023456666666666,0.0026404935775974,-0.000286,0.0007023766795673,0.0007911176470588,0.0111312065882497,0.0020504545454545,0.0033656672552002,0.0003266666666666,0.0005928510211961,,,0.05068125,0.0912904561491975,0.37929,,,,0.0284743529411764,0.0740060978255687,0.0079407333333333,0.0124662462414465,-0.00099275,0.0009913796363317,0.0038577647058823,0.0072760192974027,0.0013902,0.0121407710698879,0.000709,0.0008951971849821,-0.001005,0.0002835648074074,0.0010256666666666,0.0027683172385644,0.0012431333333333,0.0011726806815806,-0.0011647647058823,0.0022496857705414,0.0503805294117647,0.1125204209094496,0.0544310666666666,0.1085343265854281,0.0037446363636363,0.0034236268567917,-0.086931,0.1959749876872046,,,0.545,0.6434671708797582,4.392666666666667,4.314395284007559,5.0,3.9772077916777016,2.4285714285714284,0.9759000729485332,2.111111111111111,1.6158932858054431,1.0,0.0,,,1.0,,1.0,0.0,,,,,1.0,,1.3333333333333333,0.5773502691896257,1.0,0.0,1.1666666666666667,0.408248290463863,0.1678,0.1673508525523548,0.1561266666666666,0.1183773780472153,18.647058823529413,19.60529640323817,4.923076923076923,3.3779071050365506,1.0,0.0,2.4444444444444446,1.5898986690282426,63.02618006578887,50.216224679928025,113.2424047457169,0.023076923076923078,0.03549701842848355,0.1270612610843372,0.06480834910291021,0.023076923076923078,0.33253222818686423,0.06939755244241448,0.9532163742690059,0.1987529867463055
33056,Roberto Massimo,46,VfB Stuttgart,,,0.3399999999999999,0.1979898987322332,4.925,2.1206366968436625,3.2,1.7888543819998317,0.9,,2.375,2.1942576573107053,2.7,,8.8,9.616652224137043,2.25,1.8929694486000912,,,0.7333333333333334,0.2309401076758503,,,1.0,0.2828427124746189,0.4,,1.2,,0.96,,2.0,,4.093333333333333,1.078950106971278,4.666666666666667,2.5166114784235836,7.666666666666667,3.0550504633038935,0.475,0.2217355782608345,3.0,0.7071067811865476,5.88,2.4560130292814004,5.363333333333333,3.4266650453952066,6.653333333333333,2.4565287161629787,1.0,,2.25,1.8929694486000912,0.0059114,0.0120417465012347,0.0021646,0.0037057734415368,0.0037654,0.0033678080853872,-0.00513175,0.0066549718945061,-0.0019596666666666,0.0031478885516061,0.0100866,0.0148547601226004,0.000126,0.0037952590161937,0.014164,0.0191880496142781,-0.001017,,9.6e-05,0.000337718077692,0.0046562,0.0069003817068333,-0.0031774999999999,0.0155702432115451,0.0239723333333333,0.0540388762867376,18.19,6.08483360495585,,,0.004472,0.0014865971209443,4.13475725,2.5533212195527315,0.0607696666666666,0.0700901098182427,,,2.0,,1.0,0.0,1.4,0.5477225575051661,4.75,4.349329450233296,4.6,1.140175425099138,6.6,2.701851217221259,0.0041424,0.003827678774401,-0.00513175,0.0066549718945061,0.0006005,0.0018773685040502,0.0007107999999999,0.0015267102541084,0.014164,0.0191880496142781,-0.001017,,0.0044552,0.0092093970323794,0.001263,0.0001060660171779,,,,,0.03653,0.0599760577230614,,,,,-0.0336302,0.073202655325473,0.00018625,0.0005202296768415,-0.0325569999999999,0.0556587928633023,-0.0004466,0.0013027071044559,-0.0034532,0.003681017345789,7.6e-05,,-0.002713,0.0011299566363361,-0.000495,,0.0011182499999999,0.0014880480222985,0.0008299999999999,0.0034920275628923,-0.0244861999999999,0.0613032985996675,0.0354252,0.05697329603595,0.0001313333333333,0.000826608331275,,,,,0.4,,5.2700000000000005,2.5177966558084077,4.6,2.5099800796022267,1.5,0.7071067811865476,1.0,0.0,,,,,,,,,,,,,,,,,,,1.0,,,,,,5.6,4.277849927241487,1.4,0.5477225575051661,1.0,,2.5,2.1213203435596424,46.53493267862912,60.8212929411437,107.35622561977283,0.09384615384615384,0.04092702164538621,0.17692654809889904,0.035563203248097905,0.09384615384615384,0.8753812103278326,0.1072060399098891,0.9230769230769231,0.19045790412956007
35172,Chris Führich,46,VfB Stuttgart,1.1428571428571428,0.3779644730092272,2.783448275862069,2.7191073585988117,23.835641025641028,12.32160229559874,11.552631578947368,5.028015397109521,0.2214285714285714,0.1260196507730138,7.690270270270271,4.239748738943073,0.7627272727272728,0.4901854936468624,5.969428571428572,3.799121371222208,4.657894736842105,2.5497887118556872,1.4625,1.1224229743431544,9.35162162162162,5.897990483354626,1.62,1.477159436215333,4.2942857142857145,2.8891218752562224,4.710810810810811,3.3475350619509556,5.356756756756757,3.889768669252749,2.8775,2.0251245752927263,7.054054054054054,4.6184770574649745,12.394,7.953626104182177,13.275,7.980705900273901,29.15,17.299103281932688,3.6954054054054057,2.774516569096712,15.4,7.574586389655805,29.66275,14.74969673525701,19.93675,12.09096661901154,23.5155,14.42363177531039,1.375,0.6191391873668904,4.657894736842105,2.5497887118556872,0.0016474249999999,0.005678071534703,0.0045461,0.0069186042715757,0.0088284054054054,0.0093780561047214,-0.0101995263157894,0.0141488058205608,-0.0023464411764705,0.0033178852537483,0.01558325,0.0224557691436595,-0.007264125,0.0111934949909391,0.0009105999999999,0.0004946476523749,-0.0012956153846153,0.001706471629731,-0.0005357179487179,0.0030646315992964,0.0230088,0.0246310499741844,0.0064642894736842,0.0096485694722008,0.0271872307692307,0.04558826614178,144.34875,86.0102248598893,19.165333333333333,11.34760948184158,0.1706516486486486,0.166905818352616,27.50000848648649,11.56050025997471,1.514608081081081,1.2060856874866674,1.0,0.0,2.1666666666666665,1.169045194450012,2.65625,1.6773515029701227,3.875,2.012060410816284,21.675,10.847160800684088,9.35897435897436,5.137515165746239,33.45,15.347178810318766,0.0100028947368421,0.013535191636518,-0.0102028157894736,0.0141502333031196,0.0007504,0.0015689843757757,0.00280835,0.0053616130014132,0.0009105999999999,0.0004946476523749,-0.0012956153846153,0.001706471629731,-0.0016081499999999,0.002475176528799,-2.758620689655156e-06,0.0005168460433362,0.0004198125,0.0006384217225575,,,0.1647305128205128,0.2421298187896289,0.4643233333333333,0.4357624461318615,1.0,0.0,0.2032988,0.2904306065710724,0.0366122894736842,0.0639317275621119,-0.0052393181818181,0.0040626892030533,0.0022717749999999,0.0178519212030634,0.0205054,0.0587074278704937,0.0104507777777777,0.0187942665429882,-0.0015616,0.0017526632021013,0.0030426,0.007145958026345,0.0019264358974358,0.0019900045198953,0.005014075,0.0195146280536205,0.104310725,0.1768987150307707,0.147909625,0.1700480692304667,-0.019426303030303,0.0388258412155204,0.1174718148148148,0.2251407272201847,,,2.1863333333333332,1.6027486806525009,20.3485,10.531607262828476,17.575,9.418714322410436,2.392857142857143,1.227441956515157,2.0714285714285716,1.2149857925879115,1.9565217391304348,1.1472600113299678,1.0,0.0,1.0,0.0,1.3888888888888888,0.6076849889141857,1.25,0.5,1.2,0.4216370213557839,1.0,0.0,1.851851851851852,1.0267088458424103,1.0909090909090908,0.3015113445777636,2.4545454545454546,1.4381174563233068,0.2633695652173913,0.2296872975566853,0.2443722222222222,0.3584589542250306,26.775,12.98023645630304,6.513513513513513,3.532559833743652,1.0,,2.096774193548387,1.2207876886032072,55.97893079599959,47.02868730916103,103.00761810516062,0.00923076923076923,0.03536720256062358,0.2248414506030448,0.10709796084623842,0.00923076923076923,0.16222075891304355,0.05690251439087713,0.9155844155844156,0.31393635565578376
41429,Woo-yeong Jeong,46,VfB Stuttgart,1.0,0.0,1.6976470588235293,1.585699882590353,10.286666666666669,8.299551887810663,3.678571428571429,2.722384186953718,0.85,0.8061017305526641,3.695652173913043,3.3187454175102156,1.85,2.069621543503385,5.856470588235294,5.363664723368332,3.0,2.509980079602227,1.3909090909090909,0.7930378874360864,8.307894736842105,7.193790979377337,,,3.6380952380952385,2.4140166094035456,2.99375,2.6139290349969335,3.23125,2.9571875715506004,2.4,,4.6875,3.8767469180572856,3.215,2.5363203765753997,3.4347826086956523,3.188417774561285,8.130434782608695,7.0214240191657,2.5020833333333337,3.496380711494408,7.466666666666667,7.518865162598232,15.953333333333337,16.94212732099837,5.61695652173913,4.44655989070878,6.300434782608695,4.820543611612952,1.1666666666666667,0.408248290463863,3.047619047619047,2.5976179564399087,-0.0005151851851851,0.0036583798645873,0.0041837586206896,0.0096632410033929,0.0043698888888888,0.0038193671176632,-0.015929619047619,0.0205042152604682,0.0007554444444444,0.0014311389791972,0.00515915625,0.0225192856961565,-0.0019995483870967,0.0053094662245132,0.036105,0.0239360874692029,-0.0017458,0.0023883744890615,-0.0007446774193548,0.0023859979936719,0.01011584375,0.0142081609286634,0.0045184347826086,0.009021326927323,0.01585315,0.0388143693973399,31.211249999999996,18.88395115999413,19.5425,3.5100842819890605,0.0879887916666666,0.1589119476934863,9.36254037037037,9.117678809597036,0.4256849545454546,0.482679856578968,1.0,0.0,1.2857142857142858,0.4879500364742666,1.8,1.3201731488169055,1.6,1.0555973258234952,7.464285714285714,7.450986227822178,5.851851851851852,6.803300690466377,11.3,10.757996224140474,0.0045605925925925,0.0040751091939995,-0.015929619047619,0.0205042152604682,-0.0013566,0.0036489196757396,0.0008928076923076,0.001519964210611,0.036105,0.0239360874692029,-0.0017458,0.0023883744890615,-0.0012878461538461,0.0029904966369124,0.0005315,0.0011999602076735,0.000347,0.0003889159292186,,,0.094322,0.1478584359559282,0.4731733333333333,0.2603894874734129,,,0.0956599310344827,0.1888112472404519,0.0202558095238095,0.0346328745884875,-0.0042541666666666,0.0080525926611661,0.00113175,0.0048530798601539,-0.0028155555555555,0.0386754397601504,0.0021517142857142,0.0034509178834181,-0.0004064999999999,0.0001541784680167,-0.0043948,0.010102681856814,0.0007927586206896,0.0013934467711186,-0.0001417812499999,0.0051514425711161,0.0390098148148148,0.1607100156727679,0.0666863103448275,0.0979444464352491,0.036864,0.0796626499684764,0.1297587272727272,0.2276074982209904,,,2.345,1.6403702953547878,11.4916,9.963296258434418,9.0,7.932002689527197,1.0833333333333333,0.2886751345948128,1.3846153846153846,0.6504436355879909,1.1666666666666667,0.408248290463863,1.0,0.0,1.0,0.0,1.3333333333333333,0.5163977794943222,1.0,,1.0,0.0,1.0,0.0,1.6363636363636365,0.9244162777371756,1.0,0.0,1.4545454545454546,0.6875516509523286,0.23341375,0.1858514537348501,0.2005127272727272,0.1816109573286209,9.714285714285714,9.706268088799126,2.739130434782609,1.7377464849194209,1.25,0.5,2.1666666666666665,1.19341628287971,55.34299057639097,65.28618095416363,120.6291715305546,0.02,0.042468308457022395,0.17187196010802616,0.09329958250122455,0.02,0.28332319474743095,0.07059076026057749,0.9090909090909091,0.1873685917635618
44929,Deniz Undav,46,VfB Stuttgart,1.2857142857142858,0.4879500364742665,5.731714285714286,4.51985390557384,30.24783783783784,19.20122364953962,10.297297297297296,6.068428612567328,0.565,0.1800793475903647,6.872,5.150070701970422,1.9125,1.5697000775095007,5.174444444444445,3.763855769873529,4.133333333333334,2.161310798523917,3.3047826086956524,2.427340238287799,13.654666666666666,9.37215602226868,2.075,1.135414755350073,12.4,8.728573766658561,5.757941176470588,4.4906237532668705,6.497058823529412,4.964387434769324,1.8066666666666664,1.1042221998613624,8.029411764705882,6.307692725734318,5.8307142857142855,4.484860069307608,6.6,4.912169761389144,14.257142857142858,11.675370902643126,8.139722222222222,6.35798687191882,18.594594594594593,12.065698532661962,49.067837837837835,33.92557287939579,9.864857142857142,7.629087283096797,11.804,9.266197646474492,1.2777777777777777,0.751903901522118,4.166666666666667,2.1509153357603816,-0.0003947142857142,0.003161987931772,0.0095821081081081,0.0160955599688302,0.0090622972972972,0.0078253825034835,-0.0076611,0.0075199474473127,-0.0001387777777777,0.003124972877831,0.0008338918918918,0.0241276512173432,-0.0033058918918918,0.0082293280972648,0.0123608,0.0198426582222825,2.8315789473684227e-05,0.0004441166078897,-0.0006919729729729,0.0031916485681513,0.0023855945945945,0.0134954897289992,0.0023421666666666,0.0085949188993098,0.0226013235294117,0.0456038967172899,44.93527777777778,34.03236253804068,39.005,23.83728038941599,0.2249792432432432,0.2773891946118511,14.943153675675678,10.863235488696215,1.2520876764705884,1.0439004398850036,1.2857142857142858,0.6112498455021266,1.8235294117647056,0.951005659660279,3.5,1.7597653802562396,2.566666666666667,2.4023455970813385,9.72972972972973,8.949390570960214,12.243243243243244,7.131329178761548,25.24324324324324,17.01862607949401,0.0103958378378378,0.0102609674319549,-0.0076597666666666,0.0075265045038933,0.0005222222222222,0.000592938820153,0.00143925,0.0014934387810878,0.0123608,0.0198426582222825,2.8315789473684227e-05,0.0004441166078897,-0.0024565,0.0032800714408596,0.000424375,0.0003641444539373,0.0005238260869565,0.0009364042276017,,,0.4177810810810811,0.42428290647465,0.7726315384615384,0.4471057518099476,1.0,0.0,0.4649224054054054,0.4568406224492946,0.0759340333333333,0.0993297727369008,-0.0161808,0.0317695165869489,0.0235972702702702,0.0562268993279554,-0.0077376216216216,0.0727570610049297,0.07349375,0.2025173702931591,-0.00336915,0.0048800104969149,0.0073665789473684,0.0067046865476138,0.0019689459459459,0.0020593505711206,0.0217704324324324,0.0327012928138429,0.0699591621621621,0.2003840944412218,0.3286572162162162,0.3146755408695806,-0.000713625,0.0053471286360064,0.2885765666666666,0.2659964114701788,,,5.001875,3.826560350092917,16.442432432432433,12.663185575475032,14.63888888888889,10.910421696126212,2.185185185185185,1.4152204785294067,1.8571428571428572,1.2363540870525032,1.8823529411764703,0.781213234429025,1.3571428571428572,0.6333236937766509,1.3333333333333333,0.4923659639173309,1.9230769230769231,1.2303845552696742,1.0,0.0,1.3333333333333333,0.6513389472789296,1.2857142857142858,0.6112498455021266,3.3,2.151983848163973,1.8,0.8618916073713346,2.875,1.701980943029264,0.3559988235294118,0.242539386617987,0.4849043333333333,0.3595459982436023,16.38888888888889,11.902647431265695,5.371428571428571,2.941445365859467,1.181818181818182,0.4045199174779452,2.931034482758621,2.069006567737256,27.335776055856424,30.41509800280933,57.75087405866576,0.0,0.023320586869148546,0.08440892935523657,0.13635808451306702,0.0,0.0,0.04987593975191857,0.9357142857142857,0.19420055317586554
45518,Silas,46,VfB Stuttgart,1.0,0.0,2.8776190476190475,2.900273960786989,12.624666666666666,11.888501466813924,5.32258064516129,4.8811685539031435,,,2.7304545454545455,2.234422216299471,0.775,0.4031128874149274,3.039047619047619,2.7911107193407876,2.24,1.6145174717749775,1.4444444444444444,0.7875771567140439,5.157272727272727,4.0210543296600605,,,4.01,3.481215602194946,2.834705882352941,4.086636938925237,3.2235294117647055,4.283475430617745,1.336666666666667,1.6613348047077487,3.941176470588235,4.993377967810144,2.95625,2.501191382788077,3.4347826086956523,3.216803706625028,7.476190476190476,8.053688891551793,2.1324,1.553797176811268,7.0625,5.4886246000250365,15.2878125,12.181791471190952,4.860434782608696,5.990091423085043,5.622173913043478,6.694593447172494,1.0,0.0,2.1923076923076925,1.6004806970215109,0.0011159375,0.0047594291805845,0.0037412121212121,0.012452358428119,0.0025234666666666,0.0033850501217023,-0.0079390769230769,0.01251535865702,-0.0004559999999999,0.0027770692413817,0.0055665,0.0170144217584003,-0.0019857272727272,0.0089823352137428,0.010846,0.0226684230428585,-0.00065525,0.001065296320279,-0.0002306875,0.0012676799341011,0.0094920303030303,0.0134023021424605,0.0023082333333333,0.0083501953753039,0.0099278695652173,0.0344629716709297,45.7125,49.360531438477125,22.046,12.995955097217324,0.0864954333333333,0.166256241605973,6.815147677419355,6.101265341269648,0.4882403913043478,0.7456748501929303,1.25,0.5,1.0,0.0,3.0555555555555554,1.95454890906022,1.875,1.02469507659596,6.344827586206897,5.326992330634651,5.666666666666667,4.867474467555808,10.818181818181818,9.40230871067894,0.0026908333333333,0.0035303190544817,-0.0079357692307692,0.0125169432540303,0.0032404,0.0074177278072346,0.0004360967741935,0.0015140933338654,0.010846,0.0226684230428585,-0.00065525,0.001065296320279,-0.00040928125,0.0040389637623015,,,0.0002622727272727,0.0006908080907037,,,0.1706610714285714,0.2171675272489008,0.5211775,0.4345605295254374,1.0,,0.1256310303030303,0.3346712171903274,0.0347866153846153,0.0694458634667764,-0.00401825,0.0052451044729174,0.0011576764705882,0.0084114314773537,0.0210460625,0.1151287182796093,0.0773986666666666,0.2114057438947602,-0.0050137777777777,0.0063655054154752,1.474999999999998e-05,0.0008864650303311,0.000681875,0.001230203386017,0.0015682352941176,0.008701767413852,0.019900125,0.1525481953094739,0.09721453125,0.1348416948224088,,,0.033875,0.4031517903357659,,,1.87,1.75576536017772,8.8240625,7.4389761953293965,6.9375,6.174544517614234,1.4,0.6324555320336759,1.5,0.674199862463242,1.8571428571428572,1.5735915849388864,1.0,0.0,1.0,,1.125,0.3535533905932738,1.0,0.0,1.0,0.0,1.25,0.5,1.5,1.0327955589886444,1.1666666666666667,0.408248290463863,1.8461538461538465,1.6756169931378435,0.255115,0.3250808876484216,0.324565625,0.3081742035703994,6.5625,5.673580538692674,3.1153846153846154,2.405442546841193,1.2,0.4472135954999579,2.2857142857142856,1.1387288073563857,27.573747528951312,49.308020150967245,76.88176767991855,0.003076923076923077,0.03211901740753086,0.07393967497066026,0.06882799742733274,0.003076923076923077,0.052443813591569466,0.05867084816604355,0.9824561403508771,0.19624573521902472
46337,Enzo Millot,46,VfB Stuttgart,1.0,0.0,2.897692307692308,3.6008769017474704,19.0275,13.458888922405183,9.1,5.476289217138152,0.7775,0.591601941463056,7.261282051282051,4.668493039564141,1.0416666666666667,0.7368953154162082,7.654358974358974,6.035812331354019,5.45,3.6999653498031018,1.7952380952380953,2.0387437775444446,12.442820512820512,9.202650061321853,3.0,0.0,5.516129032258065,4.63084562286368,4.008571428571429,2.979476012812382,4.74,3.474292141192641,2.545,1.0968396158313862,5.911764705882353,4.406384122369281,8.273333333333333,7.095272456225354,9.9,7.672127375215981,21.76923076923077,17.009999440671947,3.8317142857142863,2.753945283016484,17.925,11.264620129709954,33.545249999999996,22.476189222979492,14.902,12.329026871158309,17.651500000000002,14.704195729494424,1.2777777777777777,0.4608885989624768,5.45,3.6999653498031018,-0.0012913249999999,0.0052137815420853,0.004757875,0.0119506084732707,0.0096921,0.0106663354839612,-0.01500575,0.0162098033407612,-0.0001745,0.0017891082527337,0.017099925,0.0331844373506058,0.0019806999999999,0.0109666845238729,0.0067935555555555,0.0120823159750215,0.0017632352941176,0.0064705647698772,-0.0009476749999999,0.0033946140552313,0.0205279999999999,0.0261359531876233,0.0030104749999999,0.0138935380238394,0.0209155588235294,0.0423592796560716,48.86775,27.872008795472055,20.763,19.74282150836377,0.14228385,0.1793753315989501,28.5048218,17.54009184811595,0.926014394736842,0.7673812752251944,1.0,0.0,1.5555555555555556,0.8555852638929972,3.8055555555555554,2.796114083554884,2.7666666666666666,1.3817363722139078,23.076923076923077,15.866854918988922,12.384615384615383,7.758239710192622,35.0,20.163434790831214,0.010997875,0.012057130985411,-0.015006325,0.01621017281799,0.0018629999999999,0.0055365889167729,0.0028833,0.002812855226114,0.0067935555555555,0.0120823159750215,0.0017632352941176,0.0064705647698772,-0.005085225,0.0060208827680873,0.0003419999999999,0.0003965950915816,0.00047575,0.0007977267845116,,,0.1125917499999999,0.2192565887193791,0.5142754545454545,0.4088452601991036,1.0,,0.12073875,0.2322400577300322,0.0255579,0.0288736439271313,-0.0032843529411764,0.004553989760929,0.0064728999999999,0.0151163626964038,-0.019026325,0.045246821733056,0.0400237307692307,0.1517253807497104,-0.0045469444444444,0.0066617057387483,0.0065563529411764,0.0051601385996547,0.001848375,0.0019920621281566,0.0018000249999999,0.0108892136150047,0.0453536,0.1079243021107494,0.13450355,0.165560531239499,-0.0070763181818181,0.0170788688355951,0.0981639499999999,0.2023753479582132,,,3.501034482758621,2.5543287416064997,24.47125,14.093639443252773,20.425,11.528976871011048,2.074074074074074,1.0715167512214394,2.413793103448276,1.3762589400075622,1.5789473684210529,0.901590537370498,1.0,0.0,1.0,0.0,1.7272727272727273,1.009049958219026,2.0,,1.2,0.4472135954999579,1.0,0.0,1.9,1.5861240410775603,1.5,0.7559289460184544,1.8333333333333333,0.9128709291752768,0.2201490476190476,0.1652745652514252,0.2430985,0.3178870181663357,29.7,18.462991395818044,5.777777777777778,3.163281398540004,1.1666666666666667,0.408248290463863,3.057142857142857,2.0996198135244715,57.8202569111352,60.956536638523104,118.77679354965831,0.02923076923076923,0.04312233969536264,0.1547459763019721,0.033063236775824255,0.02923076923076923,0.35487635630997294,0.08236888244637168,0.9526315789473684,0.17982335169543953
50078,Hiroki Ito,46,VfB Stuttgart,1.0,0.0,1.34,0.776659513557904,8.847931034482757,7.513382051527577,11.20689655172414,5.115657410237344,0.7884615384615384,0.4646835151269831,10.545862068965516,7.108288681553075,4.2250000000000005,2.6200315298467887,31.26241379310345,17.039396504900974,14.0,6.175591553404642,0.8,,8.142413793103447,4.2216708398219485,0.7333333333333334,0.0577350269189626,1.5,1.0723805294763609,4.146153846153846,2.541531942625278,5.092307692307693,3.097472915384162,2.3873333333333333,2.3370233407559486,7.115384615384615,4.5723247747895,19.120333333333335,10.012758579323489,28.533333333333335,14.095079438152029,64.43333333333334,30.837374696314853,1.0094736842105263,1.1551646043564072,6.857142857142857,6.299407883487121,10.25357142857143,10.095084324225704,45.078,21.106915258372975,54.844,25.545000131613588,1.3571428571428572,0.8418973861410954,14.066666666666666,6.191948795416307,0.0107651333333333,0.0141119734775078,0.0161655,0.0187879926507551,0.0293100689655172,0.0409060513388658,-0.0942478666666666,0.097527827422258,-0.0112669333333333,0.0208728738060624,0.0380082666666666,0.124804637133383,-0.0035541379310344,0.0205527213330639,0.0080918333333333,0.0103537575421884,-0.0015937,0.0035316618885075,-0.0016544333333333,0.0040441071533548,0.1088970333333333,0.1109881168530445,0.0069546296296296,0.0077702919465405,0.030261724137931,0.054761571801177,91.59233333333331,57.95590837056625,23.43,18.24335495461293,0.0803931071428571,0.1742451246332865,58.759858965517246,28.06621342513886,0.5496478214285714,0.6529939710294564,,,1.736842105263158,0.9334586382051248,1.7894736842105263,1.3975751766073288,3.6296296296296298,1.9640646266225197,74.66666666666667,40.53209314497148,8.379310344827585,4.967133357692689,56.733333333333334,27.22693054911693,0.0357179655172413,0.0431096869454474,-0.0942516333333333,0.0975280475942719,0.006968,0.0146742484049439,0.0097357666666666,0.0074736828602371,0.0080918333333333,0.0103537575421884,-0.0015937,0.0035316618885075,-0.0054415,0.0109472730118761,0.0026872962962962,0.0018913987663756,0.000518,0.0004534115128666,,,0.0379931578947368,0.0396858397714168,0.25232,0.2469223107241088,1.0,0.0,0.0790488333333333,0.1589286257019892,0.0099145999999999,0.0089198986448548,-0.0008286999999999,0.0028596430969799,0.0025390666666666,0.0074505792921427,-0.0041566666666666,0.0181341933532956,0.001514294117647,0.0029087785401415,-0.0017776666666666,0.0014251446710188,-0.0023703684210526,0.00394601296966,0.0025459333333333,0.0022446561511246,-0.0036426666666666,0.0037739298947615,0.1062000666666666,0.1511757144492355,0.0432889333333333,0.0469833450196639,0.0014608148148148,0.0105117807795204,0.05701125,0.2253994244604756,,,0.9157142857142856,0.5845755480932908,7.929642857142857,6.185109048496958,6.607142857142857,5.195006760158761,2.4166666666666665,1.138903617201808,2.52,1.661324772583615,1.4,0.5163977794943222,1.1666666666666667,0.408248290463863,1.0,0.0,1.0,0.0,1.0,,1.0,,,,1.4166666666666667,0.6685579234215215,1.0,0.0,1.6666666666666667,0.8997354108424376,0.1844081818181818,0.2473606205449113,0.0761516666666666,0.052285703735835,60.56666666666667,28.792579663485533,8.724137931034482,4.300303575032631,1.7647058823529411,0.8313702367707395,2.217391304347826,1.1263989983825946,93.44059571292732,71.41399676224692,164.85459247517423,0.09076923076923077,0.047284313813965625,0.3119465938481223,0.08399993615073584,0.09076923076923077,1.160706264289537,0.0782017228657622,0.8972332015810277,0.2393969539271136
51629,Jamie Leweling,46,VfB Stuttgart,1.0,0.0,3.4536,3.065001196302105,16.992368421052632,14.553624872920098,7.205128205128205,5.62503561242288,0.91,0.7882258559575421,5.396470588235294,4.60480834487692,1.5699999999999998,0.7761013679496599,6.58,5.423337860431258,3.8157894736842106,3.0300768267656872,2.2153846153846155,1.8306857339287528,7.638857142857144,7.305279626418694,1.3666666666666665,1.1930353445448854,4.55625,5.055749681175848,3.382758620689655,2.7966905142529295,3.6758620689655177,2.936671484668824,1.3985714285714288,1.135641207591972,5.0,3.770183777256185,6.157575757575757,5.177959920605213,6.0,5.312459150169743,13.405405405405403,11.910451664771523,3.5096666666666665,3.2710553852439324,9.6,7.465476095557023,20.408,16.48271483115352,8.902162162162162,7.992180252921926,10.49945945945946,9.547975627775166,1.1666666666666667,0.5773502691896257,3.8157894736842106,3.0300768267656872,0.0011723170731707,0.0052519650010211,0.0049754390243902,0.0115370589624236,0.0083805135135135,0.0118412262189296,-0.0161305526315789,0.0195726950425046,-0.0008307272727272,0.001578333635495,0.0275710238095238,0.1343516842753881,-0.001654725,0.0118681519957502,0.0651278461538461,0.22512280792042,-0.003539,0.0050375316971707,-0.0005181707317073,0.0023129933949585,0.0175544285714285,0.0262710401041395,0.0031706756756756,0.0076057772268996,0.0112966969696969,0.0313519841023706,59.89702702702703,54.142008226559206,23.53076923076923,12.24769737647208,0.1037850263157894,0.153930111555315,11.67838015,9.913850498262676,0.7500702499999999,0.7870656349537957,1.0,0.0,1.25,0.4629100498862757,3.0,2.309401076758503,2.1739130434782608,1.1140496934013262,10.394736842105264,9.367971523730033,7.228571428571429,5.719346498486335,15.951219512195122,12.93435583922175,0.0097028648648648,0.0137202654618029,-0.0161326842105263,0.019571831087402,0.0017767272727272,0.0084958268119225,0.0007163333333333,0.0022532664982821,0.0651278461538461,0.22512280792042,-0.003539,0.0050375316971707,-0.000130675,0.003992976759823,0.000228625,0.0006256370324945,0.00049675,0.0007961826333915,,,0.1361542105263158,0.1787390677153102,0.436968125,0.3414325170653541,1.0,0.0,0.1513698292682926,0.2580668645831834,0.0341647894736842,0.0660245824846988,-0.0043275294117647,0.0048106268447787,0.0024263095238095,0.0105377902934017,0.0154216923076923,0.0915113691010299,0.0077197826086956,0.015159098135073,-0.0088972307692307,0.0136835901670202,0.0006331666666666,0.0017177788468445,0.0012992195121951,0.0015801714228556,0.0051204523809523,0.0128073949107582,0.0113295121951219,0.0966234704738248,0.1166509268292683,0.1244186220077988,-0.0032725,0.0072438542029975,0.1279522727272727,0.189189093283031,,,2.55,2.7899283144912523,11.726842105263158,9.149984523768676,9.605263157894736,7.379809833059351,1.9166666666666667,1.282547284209001,1.7916666666666667,0.9315329426211432,1.2666666666666666,0.5936168397046636,1.5,0.5345224838248488,1.0,0.0,1.4375,0.6291528696058958,1.0,,1.2,0.4216370213557839,1.0,0.0,1.9545454545454544,1.0455015987905485,1.4,0.5477225575051662,1.5714285714285714,0.7464200272921789,0.15933625,0.1366582951683992,0.2552136363636363,0.2100340206126584,11.48780487804878,9.651740649280608,4.257142857142857,2.9738354828388873,1.0,0.0,2.3181818181818183,0.9945740239808644,68.68713004459333,60.912442556730866,129.5995726013242,0.033846153846153845,0.04373515965534288,0.17898035498129167,0.1202705704432988,0.033846153846153845,0.5746579992882334,0.05889790677832278,0.883399209486166,0.18417810695245726
53526,Anthony Rouault,46,VfB Stuttgart,1.0,0.0,,,4.750454545454546,4.208671860714355,7.318181818181818,4.824405846826298,0.4471428571428571,0.3405248050541147,6.3172727272727265,5.413547540171506,2.1233333333333335,1.4984356922502626,15.26,10.389573138488414,8.636363636363637,5.636154164519789,,,6.084444444444444,4.871198937116747,1.11,0.6253532335142008,2.733333333333333,0.8326663997864532,2.7473684210526317,2.252250336651627,3.349473684210526,2.811099969929151,2.5833333333333335,2.1689283067911673,4.5,3.382480815997075,14.450434782608696,11.946025386279915,18.52173913043478,14.173822109846764,43.608695652173914,33.26852065246006,1.6375,1.3862186958511535,4.875,3.721558813185679,7.44375,6.2957095178647915,30.380434782608695,23.27129923283592,36.96739130434783,27.71927295015826,1.25,0.4629100498862757,8.772727272727273,5.781183090170896,0.006117875,0.0133755774172394,0.0075954782608695,0.0128647615526415,0.0144662999999999,0.0146692211794125,-0.044739409090909,0.0646333713064986,-0.0012368333333333,0.0025659333909255,0.06392148,0.1734776658449438,0.014566238095238,0.0449851839908483,0.098801625,0.2755494233391781,-0.0003926363636363,0.0011541832846413,-0.0001566666666666,0.0014082264104853,0.0471344347826086,0.0351789498251777,0.0070419523809523,0.0096557165734925,0.022275,0.0326344075551585,83.75,74.58541094822625,,,0.0462491,0.1128065973830758,32.80794504166666,28.928002011189697,0.27725965,0.3506592577725674,,,2.111111111111111,1.3642254619787415,2.0,1.0,2.4210526315789473,1.4649910683718714,47.40909090909091,42.3631231041126,6.0,4.47213595499958,35.0,27.868739954771304,0.01705905,0.0162319782802992,-0.044739409090909,0.0646333713064986,0.012322125,0.0133662680381569,0.0079842,0.0082198460326212,0.098801625,0.2755494233391781,-0.0003926363636363,0.0011541832846413,-0.0062293913043478,0.0081199954362903,0.0018731176470588,0.0025758164696449,,,,,0.0264623076923076,0.0560117261761389,0.05225,,1.0,,0.0321513478260869,0.0491365893695677,0.0059929545454545,0.0101769667970526,-8.12e-05,0.0003157280123425,-0.00027444,0.0051992704061884,-0.0058277272727272,0.0287934431510631,0.0138002,0.0291573634301868,-0.0006969999999999,0.0006613484061262,-0.0003989166666666,0.0031530462747327,0.0009332916666666,0.0015444731613124,-0.000295304347826,0.0061963694387394,0.0476954583333333,0.0561523218281652,0.0298595,0.0404407697666079,0.0011585882352941,0.0138529095728064,0.0015049999999999,0.0298858332324865,,,1.24,0.2262741699796951,4.222105263157895,3.809715035927328,3.6,3.2906794782493525,2.0714285714285716,1.071611705960535,1.75,1.0552897060221726,1.1666666666666667,0.408248290463863,1.0,0.0,1.0,,1.0,,,,,,,,1.0,0.0,,,1.4545454545454546,0.6875516509523286,0.11039,0.1106298708908825,0.03546,0.0111548913038182,35.78260869565217,29.500318213598263,5.476190476190476,3.868062145558776,1.8461538461538465,1.3445044840729643,2.2222222222222223,1.516790557318723,66.18641319734984,52.36100290875977,118.54741610610961,0.015384615384615385,0.03450775050292471,0.1891461155339903,0.03221724100622436,0.015384615384615385,0.16660127362538066,0.09234392320798178,0.9526315789473684,0.19666116336944103
53560,Lilian Egloff,46,VfB Stuttgart,,,1.62,2.2344574285494905,9.29,8.400099205763386,4.25,2.629955639676583,,,2.316666666666667,2.637694700554508,1.3,,6.202,6.299334885525614,3.8,4.604345773288535,,,8.56,12.68219223951443,,,1.7000000000000002,2.121320343559643,0.55,0.0707106781186547,0.55,0.0707106781186547,0.27,,2.0,1.4142135623730951,3.59,1.9751708786836648,3.0,1.7320508075688772,8.0,6.082762530298219,1.24,1.884860737561266,5.4,3.1304951684997055,10.68,7.467730578964402,4.2,2.3515952032609695,4.489999999999999,2.17676365276527,,,3.8,4.604345773288535,-0.0032278,0.0068391415177637,0.0012206,0.0043831976113335,0.00518875,0.0056714587409237,-0.012243,0.0191875996153765,-8.566666666666666e-05,0.0001510110371242,0.0052844,0.0071746841602958,-0.0024905,0.008141509380944,0.0008309999999999,0.000395629877537,0.0008,,0.0001894,0.0013684768174872,0.0152704,0.0276076063486134,0.0051255,0.0074742644900128,0.022972,0.0584720447649986,10.206,6.990542182120068,,,0.0149436666666666,0.011257744904435,3.9393685,2.7125362905666353,0.073575,0.006652460597403,,,1.0,0.0,2.0,1.0,2.0,1.7320508075688772,5.0,5.228129047119374,6.0,4.320493798938574,7.4,5.458937625582473,0.00564575,0.0059630451602627,-0.0122476,0.0191839121479431,,,-8.774999999999999e-05,0.0016154731762964,0.0008309999999999,0.000395629877537,0.0008,,-0.0034532,0.0059657039567849,0.000865,,0.000613,,,,0.08877,0.1602668930253531,,,,,-0.0212288,0.0392111806083418,0.0097337999999999,0.0096809052624225,,,0.0045796,0.0088144876368397,-0.005467,0.0041459804027515,0.0156204999999999,0.0114996775824368,-0.0010563333333333,0.0007305835567088,0.010776,,0.0009868,0.0017749266745417,0.0040102,0.0071029686892172,-0.0094542,0.0127138584505255,0.0525042,0.0730152165387462,-0.006502,,-0.0692593333333333,0.1037023548543297,,,,,7.843999999999999,6.912555967223701,7.75,6.396613687465163,1.0,,1.25,0.5,,,1.0,,,,,,1.0,,,,,,1.0,0.0,1.0,,,,,,0.1162699999999999,0.1549071295970588,6.4,7.021395872616783,2.4,1.140175425099138,,,1.6666666666666667,1.1547005383792517,35.20282653910029,37.51138611559884,72.71421265469914,0.015384615384615385,0.028566198490567896,0.11300794959204487,0.03278770297845733,0.015384615384615385,0.18106949118546076,0.08496525341084753,0.9807692307692307,0.22995674501245955
104926,Luca Raimund,46,VfB Stuttgart,,,0.8,,8.39,5.557859300126264,6.0,2.8284271247461903,0.25,,9.24,6.915504320004436,2.1,,7.405,3.3870414818835632,5.0,0.0,,,9.205,2.114249275747777,,,3.05,2.4748737341529163,0.3,,1.0,,,,1.0,,3.0999999999999996,0.9899494936611668,2.5,0.7071067811865476,5.0,1.4142135623730951,2.7,2.1213203435596424,4.666666666666667,4.041451884327381,10.4,6.337980750996329,2.6,0.1414213562373096,3.95,1.2020815280171304,2.0,1.4142135623730951,5.0,0.0,3.3333333333334145e-07,0.0009014656584326,0.002853,0.0029655921836962,0.00838,0.0038763593744646,-0.0161835,0.0096286730394172,3e-06,,-0.0080996666666666,0.0199506131317644,-0.0009713333333333,0.0073334462794332,0.005845,,,,0.001227,0.0007594326829943,-0.0027213333333333,0.0054125070284788,0.0025485,0.0011617764414894,0.0068905,0.0170235957570661,14.245,14.630039302749667,,,0.0228765,0.0224032641483333,6.225472,5.351573308687455,0.0726575,0.0035857384873969,,,,,4.0,,,,4.5,3.5355339059327378,5.5,0.7071067811865476,7.0,6.557438524302,0.00838,0.0038763593744646,-0.0161835,0.0096286730394172,,,0.000855,0.0005600285706997,0.005845,,,,-0.0005436666666666,0.0011275044715358,,,-7.8e-05,,,,0.3490649999999999,0.4886744254102111,,,,,-0.069642,0.1172023004424401,0.036062,0.0183876047379749,-0.012464,,0.0040136666666666,0.005584808889598,-0.0047065,0.0082045599821075,,,-0.013676,,,,1.8666666666666665e-05,4.7173438854225296e-05,0.0016923333333333,0.0032888804072713,-0.0123376666666666,0.0256929173184621,0.1362693333333333,0.2224055929115393,,,-0.385862,,,,1.245,1.6334166645409247,7.596666666666668,6.516520032450859,5.333333333333333,3.785938897200183,1.0,,1.5,0.7071067811865476,,,1.0,,,,,,1.0,,,,,,2.0,,,,1.0,,,,0.57575,,6.0,4.58257569495584,3.0,1.4142135623730951,1.0,,,,48.12561938894314,64.32680471317526,112.45242410211841,0.09692307692307692,0.03664182559596371,0.20115889324560643,0.005981445976453691,0.09692307692307692,0.5388528304428284,0.17986929066434124,1.0,0.26538982274513256
104927,Samuele Di Benedetto,46,VfB Stuttgart,,,,,0.28,,1.0,,,,0.12,,,,3.89,,2.0,,,,2.6,,,,,,,,,,,,,,3.0,,1.0,,3.0,,1.0,,5.0,,10.2,,2.4,,3.0,,,,2.0,,-0.00594,,-0.00594,,0.001043,,-0.007701,,,,-0.005897,,-0.00141,,,,,,-0.000104,,0.002171,,,,,,23.98,,,,0.006628,,10.137303,,0.338444,,,,,,,,1.0,,8.0,,2.0,,12.0,,0.002086,,-0.007701,,,,0.000242,,,,,,-0.006181,,,,,,,,0.00456,,,,,,0.012478,,0.001357,,,,0.000984,,-0.013107,,0.012764,,,,,,,,-0.000172,,-0.000246,,0.037407,,,,,,,,,,8.1,,8.0,,,,,,1.0,,,,,,,,,,,,,,,,,,1.0,,0.02984,,,,11.0,,,,,,1.0,,0.0,0.0,0.0,0.0,0.005736137667304966,2.488505249664558e-38,0.0,0.0,0.0,0.0,0.0,
114859,Jovan Milosevic,46,VfB Stuttgart,,,1.0033333333333332,1.2107986345108477,4.702500000000001,2.266868250840059,1.5,0.5773502691896257,,,1.68,0.8586035173466272,,,1.0,,1.0,,,,3.0,,,,3.5666666666666664,2.6274195198584738,,,,,,,,,,,,,,,0.15,0.0707106781186547,2.5,1.0,7.1000000000000005,4.711687595755899,,,,,,,1.0,,-0.0002706666666666,0.0003112464189887,0.0012142,0.0024834450265709,0.002195,0.003590136951891,-0.004128,,0.001174,0.0010191265868379,0.0001374,0.0019818079624423,-0.001261,0.0012591667879991,0.004085,0.0054277516523879,,,0.0002218,0.0007500971270442,0.0011806,0.0033724807338219,-0.0016742,0.0021215963800874,,,13.306666666666668,10.305388558095872,34.905,13.498668452851197,0.00254975,0.0024949190200619,1.717286,0.5753453226411074,0.0907095,0.0856808357831551,,,1.0,0.0,1.0,,1.0,,1.5,0.7071067811865476,3.5,2.0816659994661326,2.4,1.140175425099138,0.002195,0.003590136951891,-0.004128,,,,0.000144,0.0001659548131269,0.004085,0.0054277516523879,,,-0.00031125,0.0001697083282183,,,,,,,0.0064675,0.0062576746213483,,,,,-0.0102686,0.0317126463465287,0.000899,,,,0.0020343999999999,0.0063349590606411,-0.0272565,0.0529912676862895,0.004859,0.0067641834688305,-0.000521,0.0006194255403194,,,0.0009,0.0020262897127508,0.0066446,0.0077569367214126,-0.0110667999999999,0.0092082433558198,0.04142975,0.0635009402259788,,,,,,,3.3,0.9899494936611662,4.25,2.834901526802416,3.25,0.957427107756338,1.0,,1.0,,,,,,,,,,,,,,,,,,,,,,,,,,1.75,0.5,1.6666666666666667,0.5773502691896258,,,1.0,,27.20221116483209,45.15685711742615,72.35906828225824,0.015384615384615385,0.02869723590713348,0.15340066417689163,0.004683646308677349,0.015384615384615385,0.08056907175575594,0.19094939247512457,1.0,0.2602210474273231
